time_s,x_px,y_px,score,x_px_smooth,y_px_smooth
0.0,155,637,7655.0,155.0,637.0
0.03332775089605735,155,637,7653.0,155.0,637.0
0.0666555017921147,155,637,7637.0,155.0,637.0
0.09998325268817204,155,637,7638.0,155.0,637.0
0.1333110035842294,155,637,7626.0,155.0,637.0
0.16663875448028673,155,637,7638.0,155.0,637.0
0.19996650537634408,155,637,7634.0,155.0,637.0
0.2332942562724014,155,637,7639.0,155.0,637.0
0.2666220071684588,155,637,7612.0,155.0,637.0
0.2999497580645161,155,637,7626.0,155.0,637.0
0.33327750896057345,155,637,7663.0,155.0,637.0
0.3666052598566308,155,637,7611.0,155.0,637.0
0.39993301075268817,156,638,7603.0,155.0,638.0
0.4332607616487455,155,638,7636.0,156.0,638.0
0.4665885125448028,157,639,7616.0,157.0,639.0
0.4999162634408602,157,639,7578.0,157.0,639.0
0.5332440143369176,157,639,7609.0,157.0,639.0
0.5665717652329749,157,639,7599.0,157.0,639.0
0.5998995161290323,157,639,7596.0,157.0,639.0
0.6332272670250896,157,639,7603.0,157.0,639.0
0.6665550179211469,159,639,7615.0,157.0,639.0
0.6998827688172042,157,639,7622.0,159.0,639.0
0.7332105197132616,159,639,7614.0,159.0,639.0
0.766538270609319,159,639,7608.0,159.0,639.0
0.7998660215053763,159,639,7597.0,159.0,639.0
0.8331937724014337,160,639,7623.0,159.0,639.0
0.866521523297491,159,639,7622.0,159.0,639.0
0.8998492741935483,160,640,7602.0,159.0,640.0
0.9331770250896056,137,640,7626.0,141.0,640.0
0.9665047759856631,140,641,7748.0,141.0,641.0
0.9998325268817204,140,641,7729.0,141.0,641.0
1.0331602777777777,141,641,7742.0,141.0,641.0
1.0664880286738352,141,641,7735.0,141.0,641.0
1.0998157795698924,141,641,7722.0,141.0,641.0
1.1331435304659498,143,641,7728.0,141.0,641.0
1.166471281362007,142,642,7687.0,142.0,642.0
1.1997990322580645,141,642,7698.0,143.0,642.0
1.2331267831541217,143,642,7673.0,143.0,642.0
1.2664545340501792,143,643,7741.0,143.0,643.0
1.2997822849462366,143,643,7688.0,143.0,643.0
1.3331100358422938,143,643,7710.0,143.0,643.0
1.3664377867383513,143,643,7687.0,143.0,643.0
1.3997655376344085,143,643,7664.0,143.0,643.0
1.433093288530466,143,644,7734.0,143.0,644.0
1.4664210394265231,144,644,7684.0,143.0,644.0
1.4997487903225806,143,645,7714.0,144.0,645.0
1.533076541218638,145,645,7720.0,145.0,645.0
1.5664042921146952,145,645,7689.0,145.0,645.0
1.5997320430107527,145,645,7739.0,145.0,645.0
1.6330597939068099,145,646,7706.0,145.0,646.0
1.6663875448028673,145,646,7760.0,145.0,646.0
1.6997152956989248,145,646,7735.0,145.0,646.0
1.733043046594982,145,646,7716.0,145.0,646.0
1.7663707974910394,146,647,7739.0,146.0,647.0
1.7996985483870966,147,647,7786.0,147.0,647.0
1.833026299283154,147,647,7742.0,147.0,647.0
1.8663540501792113,147,647,7716.0,147.0,647.0
1.8996818010752687,147,647,7723.0,147.0,647.0
1.9330095519713262,147,648,7739.0,147.0,648.0
1.9663373028673834,147,648,7767.0,147.0,648.0
1.9996650537634408,147,649,7789.0,147.0,649.0
2.0329928046594983,147,649,7779.0,147.0,649.0
2.0663205555555555,147,649,7837.0,147.0,649.0
2.0996483064516127,147,649,7851.0,147.0,649.0
2.1329760573476704,147,649,7840.0,147.0,649.0
2.1663038082437276,147,649,7785.0,147.0,649.0
2.199631559139785,149,650,7750.0,147.0,650.0
2.232959310035842,149,650,7811.0,149.0,650.0
2.2662870609318997,149,651,7786.0,149.0,651.0
2.299614811827957,147,651,7793.0,149.0,651.0
2.332942562724014,149,651,7799.0,149.0,651.0
2.366270313620072,147,651,7852.0,149.0,651.0
2.399598064516129,149,651,7834.0,149.0,651.0
2.432925815412186,149,651,7847.0,149.0,651.0
2.4662535663082434,149,651,7867.0,147.0,651.0
2.499581317204301,147,651,7838.0,147.0,651.0
2.5329090681003583,147,652,7837.0,147.0,652.0
2.5662368189964155,147,652,7863.0,147.0,652.0
2.599564569892473,147,652,7846.0,147.0,652.0
2.6328923207885304,147,653,7892.0,147.0,653.0
2.6662200716845876,147,653,7887.0,147.0,653.0
2.699547822580645,147,653,7880.0,147.0,653.0
2.7328755734767025,147,653,7856.0,147.0,653.0
2.7662033243727597,145,653,7846.0,147.0,653.0
2.799531075268817,147,653,7905.0,145.0,653.0
2.8328588261648746,145,653,7863.0,145.0,653.0
2.866186577060932,145,653,7840.0,145.0,653.0
2.899514327956989,145,653,7844.0,145.0,653.0
2.9328420788530463,145,653,7907.0,145.0,653.0
2.966169829749104,145,653,7823.0,145.0,653.0
2.999497580645161,147,653,7869.0,146.0,653.0
3.0328253315412184,147,653,7825.0,147.0,653.0
3.066153082437276,146,653,7865.0,147.0,653.0
3.0994808333333332,147,653,7854.0,147.0,653.0
3.1328085842293905,147,653,7840.0,147.0,653.0
3.1661363351254477,147,653,7833.0,147.0,653.0
3.1994640860215053,147,653,7859.0,147.0,653.0
3.2327918369175626,147,654,7865.0,147.0,654.0
3.2661195878136198,147,654,7881.0,147.0,654.0
3.2994473387096774,147,654,7858.0,147.0,654.0
3.3327750896057347,147,654,7841.0,147.0,654.0
3.366102840501792,147,654,7846.0,147.0,654.0
3.3994305913978495,147,654,7842.0,147.0,654.0
3.4327583422939068,147,654,7847.0,147.0,654.0
3.466086093189964,147,655,7878.0,147.0,654.0
3.499413844086021,147,654,7869.0,147.0,654.0
3.532741594982079,147,654,7904.0,147.0,654.0
3.566069345878136,147,654,7855.0,147.0,654.0
3.5993970967741933,147,654,7860.0,147.0,654.0
3.632724847670251,148,654,7857.0,147.0,654.0
3.666052598566308,149,654,7819.0,148.0,654.0
3.6993803494623654,147,655,7851.0,148.0,654.0
3.7327081003584226,148,654,7852.0,148.0,654.0
3.7660358512544803,149,655,7855.0,148.0,655.0
3.7993636021505375,148,654,7890.0,148.0,655.0
3.8326913530465947,147,655,7900.0,148.0,655.0
3.8660191039426524,147,655,7830.0,148.0,655.0
3.8993468548387096,148,655,7882.0,148.0,655.0
3.932674605734767,147,655,7879.0,147.0,655.0
3.966002356630824,149,655,7861.0,148.0,655.0
3.9993301075268817,149,655,7852.0,149.0,655.0
4.032657858422939,147,655,7854.0,149.0,655.0
4.0659856093189966,149,655,7881.0,149.0,655.0
4.099313360215054,149,655,7843.0,149.0,655.0
4.132641111111111,149,655,7917.0,149.0,655.0
4.165968862007168,163,655,7571.0,163.0,655.0
4.199296612903225,169,655,7613.0,167.0,655.0
4.232624363799283,169,655,7607.0,167.0,655.0
4.265952114695341,169,655,7591.0,167.0,655.0
4.299279865591398,167,655,7612.0,169.0,655.0
4.332607616487455,157,657,7629.0,167.0,657.0
4.365935367383512,167,657,7581.0,167.0,657.0
4.39926311827957,169,657,7603.0,167.0,657.0
4.432590869175627,167,657,7601.0,167.0,657.0
4.465918620071684,167,656,7551.0,169.0,657.0
4.499246370967742,171,657,7565.0,169.0,657.0
4.532574121863799,169,657,7566.0,171.0,657.0
4.565901872759857,171,657,7597.0,171.0,657.0
4.599229623655914,171,657,7587.0,171.0,657.0
4.632557374551971,172,657,7592.0,172.0,657.0
4.665885125448028,173,657,7579.0,173.0,657.0
4.6992128763440855,173,658,7551.0,173.0,658.0
4.732540627240144,173,659,7625.0,173.0,659.0
4.765868378136201,173,659,7581.0,173.0,659.0
4.799196129032258,174,659,7533.0,174.0,659.0
4.832523879928315,175,659,7579.0,174.0,659.0
4.865851630824372,175,659,7557.0,175.0,659.0
4.89917938172043,176,659,7565.0,175.0,659.0
4.932507132616487,173,659,7513.0,175.0,659.0
4.965834883512545,175,659,7495.0,176.0,659.0
4.999162634408602,889,225,7649.0,831.0,275.0
5.032490385304659,880,234,7927.0,831.0,275.0
5.065818136200717,861,251,7822.0,831.0,275.0
5.099145887096774,831,275,7858.0,831.0,275.0
5.132473637992831,817,285,7914.0,817.0,285.0
5.165801388888888,803,297,7610.0,803.0,297.0
5.199129139784946,787,313,7629.0,787.0,313.0
5.232456890681004,178,663,7513.0,181.0,663.0
5.265784641577061,169,663,7528.0,181.0,663.0
5.299112392473118,177,663,7514.0,178.0,663.0
5.332440143369175,181,664,7495.0,177.0,664.0
5.3657678942652325,181,665,7457.0,173.0,665.0
5.39909564516129,171,665,7464.0,173.0,665.0
5.432423396057348,173,665,7472.0,173.0,665.0
5.465751146953405,173,665,7452.0,173.0,665.0
5.499078897849462,173,667,7461.0,173.0,665.0
5.5324066487455195,173,666,7504.0,173.0,665.0
5.565734399641577,629,225,7816.0,573.0,249.0
5.599062150537634,611,225,8096.0,573.0,249.0
5.632389901433691,593,233,8095.0,573.0,233.0
5.665717652329749,573,249,8087.0,573.0,225.0
5.699045403225806,567,266,8089.0,567.0,225.0
5.732373154121864,473,225,8100.0,473.0,225.0
5.765700905017921,453,225,8056.0,453.0,225.0
5.799028655913978,427,225,8100.0,427.0,225.0
5.832356406810035,411,225,8100.0,419.0,225.0
5.8656841577060925,405,225,8100.0,415.0,225.0
5.899011908602151,419,225,8100.0,411.0,225.0
5.932339659498208,389,225,8100.0,405.0,225.0
5.965667410394265,415,225,8100.0,389.0,225.0
5.998995161290322,309,225,8100.0,389.0,225.0
6.0323229121863795,389,225,8100.0,377.0,225.0
6.065650663082437,377,225,8100.0,377.0,225.0
6.098978413978494,315,271,8100.0,315.0,225.0
6.132306164874552,305,225,8100.0,377.0,225.0
6.165633915770609,415,225,8100.0,315.0,225.0
6.1989616666666665,293,225,8100.0,315.0,225.0
6.232289417562724,409,225,8100.0,305.0,225.0
6.265617168458781,273,225,8100.0,293.0,225.0
6.298944919354838,337,225,8100.0,273.0,225.0
6.332272670250895,215,225,8100.0,263.0,225.0
6.3656004211469535,261,225,8100.0,261.0,225.0
6.398928172043011,239,225,8100.0,239.0,225.0
6.432255922939068,263,225,8100.0,231.0,225.0
6.465583673835125,193,225,8100.0,239.0,225.0
6.498911424731182,231,225,8100.0,231.0,225.0
6.5322391756272395,179,225,8100.0,193.0,225.0
6.565566926523297,249,225,8100.0,185.0,225.0
6.598894677419355,171,225,8100.0,179.0,225.0
6.632222428315412,185,225,8100.0,171.0,225.0
6.665550179211469,164,225,8100.0,171.0,225.0
6.6988779301075265,167,225,8100.0,167.0,225.0
6.732205681003584,147,225,8100.0,164.0,225.0
6.765533431899641,195,225,8100.0,159.0,225.0
6.798861182795699,125,225,8100.0,155.0,225.0
6.832188933691756,137,225,8100.0,155.0,225.0
6.8655166845878135,159,225,8100.0,155.0,225.0
6.898844435483871,155,225,8100.0,137.0,225.0
6.932172186379928,155,225,8100.0,137.0,225.0
6.965499937275985,113,225,8100.0,113.0,225.0
6.998827688172042,53,225,8100.0,89.0,225.0
7.0321554390681005,77,225,8100.0,77.0,225.0
7.065483189964158,67,225,8100.0,67.0,225.0
7.098810940860215,89,225,8100.0,53.0,225.0
7.132138691756272,0,225,8100.0,0.0,225.0
7.165466442652329,0,225,8100.0,0.0,225.0
7.198794193548387,0,225,8100.0,0.0,225.0
7.232121944444444,0,225,8100.0,0.0,225.0
7.265449695340502,0,225,8100.0,0.0,225.0
7.298777446236559,0,225,8100.0,0.0,225.0
7.332105197132616,0,225,8100.0,0.0,225.0
7.3654329480286735,0,225,8100.0,0.0,225.0
7.398760698924731,0,225,8100.0,0.0,225.0
7.432088449820788,0,225,8100.0,0.0,225.0
7.465416200716845,0,225,8100.0,0.0,225.0
7.498743951612903,0,225,8100.0,0.0,225.0
7.5320717025089605,0,225,8100.0,0.0,225.0
7.565399453405018,0,225,8100.0,0.0,225.0
7.598727204301075,0,225,8100.0,0.0,225.0
7.632054955197132,0,225,8100.0,0.0,225.0
7.665382706093189,0,225,8100.0,0.0,225.0
7.698710456989247,0,225,8100.0,0.0,225.0
7.732038207885305,0,225,8100.0,0.0,225.0
7.765365958781362,0,225,8100.0,0.0,225.0
7.798693709677419,0,225,8100.0,0.0,225.0
7.832021460573476,0,225,8100.0,0.0,225.0
7.865349211469534,0,225,8100.0,0.0,225.0
7.898676962365591,0,225,8100.0,0.0,225.0
7.932004713261648,0,225,8100.0,0.0,225.0
7.965332464157706,0,225,8100.0,0.0,225.0
7.998660215053763,0,225,8100.0,0.0,225.0
8.03198796594982,0,225,8100.0,0.0,225.0
8.065315716845879,0,225,8100.0,0.0,225.0
8.098643467741935,0,225,8100.0,0.0,225.0
8.131971218637993,0,225,8100.0,0.0,225.0
8.16529896953405,0,225,8100.0,0.0,225.0
8.198626720430108,0,225,8100.0,0.0,225.0
8.231954471326164,0,225,8100.0,0.0,225.0
8.265282222222222,0,225,8100.0,0.0,225.0
8.29860997311828,0,225,8100.0,0.0,225.0
8.331937724014336,0,225,8100.0,0.0,225.0
8.365265474910395,0,225,8100.0,0.0,225.0
8.39859322580645,0,225,8100.0,0.0,225.0
8.431920976702509,0,225,8100.0,0.0,225.0
8.465248727598565,0,225,8100.0,0.0,225.0
8.498576478494623,0,225,8100.0,0.0,225.0
8.531904229390681,0,225,8100.0,0.0,225.0
8.565231980286738,0,225,8100.0,0.0,225.0
8.598559731182796,0,225,8100.0,0.0,225.0
8.631887482078852,0,225,8100.0,0.0,225.0
8.66521523297491,0,225,8100.0,0.0,225.0
8.698542983870967,0,225,8100.0,0.0,225.0
8.731870734767025,0,225,8100.0,0.0,225.0
8.765198485663083,0,225,8100.0,0.0,225.0
8.79852623655914,0,225,8100.0,0.0,225.0
8.831853987455197,0,225,8100.0,0.0,225.0
8.865181738351254,0,225,8100.0,0.0,225.0
8.898509489247312,0,225,8100.0,0.0,225.0
8.931837240143368,0,225,8100.0,0.0,225.0
8.965164991039426,0,225,8100.0,0.0,225.0
8.998492741935484,0,225,8100.0,0.0,225.0
9.03182049283154,0,225,8100.0,0.0,225.0
9.065148243727599,0,225,8100.0,0.0,225.0
9.098475994623655,0,225,8100.0,0.0,225.0
9.131803745519713,0,225,8100.0,0.0,225.0
9.16513149641577,0,225,8100.0,0.0,225.0
9.198459247311828,0,225,8100.0,0.0,225.0
9.231786998207886,0,225,8100.0,0.0,225.0
9.265114749103942,0,225,8100.0,0.0,225.0
9.2984425,0,225,8100.0,0.0,225.0
9.331770250896056,0,225,8100.0,0.0,225.0
9.365098001792115,0,225,8100.0,0.0,225.0
9.398425752688171,0,225,8100.0,0.0,225.0
9.431753503584229,0,225,8100.0,0.0,225.0
9.465081254480287,0,225,8100.0,0.0,225.0
9.498409005376343,0,225,8100.0,0.0,225.0
9.531736756272402,0,225,8100.0,0.0,225.0
9.565064507168458,0,225,8100.0,0.0,225.0
9.598392258064516,0,225,8100.0,0.0,225.0
9.631720008960572,0,225,8100.0,0.0,225.0
9.66504775985663,0,225,8100.0,0.0,225.0
9.698375510752689,0,225,8100.0,0.0,225.0
9.731703261648745,0,225,8100.0,0.0,225.0
9.765031012544803,0,225,8100.0,0.0,225.0
9.79835876344086,0,225,8100.0,0.0,225.0
9.831686514336917,0,225,8100.0,0.0,225.0
9.865014265232974,0,225,8100.0,0.0,225.0
9.898342016129032,0,225,8100.0,0.0,225.0
9.93166976702509,0,225,8100.0,0.0,225.0
9.964997517921146,0,225,8100.0,0.0,225.0
9.998325268817204,0,225,8100.0,0.0,225.0
10.03165301971326,0,225,8100.0,0.0,225.0
10.064980770609319,0,225,8100.0,0.0,225.0
10.098308521505375,0,225,8100.0,0.0,225.0
10.131636272401433,0,225,8100.0,0.0,225.0
10.164964023297491,0,225,8100.0,0.0,225.0
10.198291774193548,0,225,8100.0,0.0,225.0
10.231619525089606,0,225,8100.0,0.0,225.0
10.264947275985662,0,225,8100.0,0.0,225.0
10.29827502688172,0,225,8100.0,0.0,225.0
10.331602777777777,0,225,8100.0,0.0,225.0
10.364930528673835,0,225,8100.0,0.0,225.0
10.398258279569893,0,225,8100.0,0.0,225.0
10.43158603046595,0,225,8100.0,0.0,225.0
10.464913781362007,0,225,8100.0,0.0,225.0
10.498241532258064,0,225,8100.0,0.0,225.0
10.531569283154122,0,225,8100.0,0.0,225.0
10.564897034050178,0,225,8100.0,0.0,225.0
10.598224784946236,0,225,8100.0,0.0,225.0
10.631552535842294,0,225,8100.0,0.0,225.0
10.66488028673835,0,225,8100.0,0.0,225.0
10.698208037634409,0,225,8100.0,0.0,225.0
10.731535788530465,0,225,8100.0,0.0,225.0
10.764863539426523,0,225,8100.0,0.0,225.0
10.79819129032258,0,225,8100.0,0.0,225.0
10.831519041218638,0,225,8100.0,0.0,225.0
10.864846792114696,0,225,8100.0,0.0,225.0
10.898174543010752,0,225,8100.0,0.0,225.0
10.93150229390681,0,225,8100.0,0.0,225.0
10.964830044802866,0,225,8100.0,0.0,225.0
10.998157795698924,0,225,8100.0,0.0,225.0
11.03148554659498,0,225,8100.0,0.0,225.0
11.064813297491039,0,225,8100.0,0.0,225.0
11.098141048387097,0,225,8100.0,0.0,225.0
11.131468799283153,0,225,8100.0,0.0,225.0
11.164796550179211,0,225,8100.0,0.0,225.0
11.198124301075268,0,225,8100.0,0.0,225.0
11.231452051971326,0,225,8100.0,0.0,225.0
11.264779802867382,0,225,8100.0,0.0,225.0
11.29810755376344,0,225,8100.0,0.0,225.0
11.331435304659498,0,225,8100.0,0.0,225.0
11.364763055555555,0,225,8100.0,0.0,225.0
11.398090806451613,0,225,8100.0,0.0,225.0
11.43141855734767,0,225,8100.0,0.0,225.0
11.464746308243727,0,225,8100.0,0.0,225.0
11.498074059139784,0,225,8100.0,0.0,225.0
11.531401810035842,0,225,8100.0,0.0,225.0
11.5647295609319,0,225,8100.0,0.0,225.0
11.598057311827956,0,225,8100.0,0.0,225.0
11.631385062724014,0,225,8100.0,0.0,225.0
11.66471281362007,0,225,8100.0,0.0,225.0
11.698040564516129,0,225,8100.0,0.0,225.0
11.731368315412185,0,225,8100.0,0.0,225.0
11.764696066308243,0,225,8100.0,0.0,225.0
11.798023817204301,0,225,8100.0,0.0,225.0
11.831351568100358,0,225,8100.0,0.0,225.0
11.864679318996416,0,225,8100.0,0.0,225.0
11.898007069892472,0,225,8100.0,0.0,225.0
11.93133482078853,0,225,8100.0,0.0,225.0
11.964662571684586,0,225,8100.0,0.0,225.0
11.997990322580645,0,225,8100.0,0.0,225.0
12.031318073476703,0,225,8100.0,0.0,225.0
12.064645824372759,0,225,8100.0,0.0,225.0
12.097973575268817,0,225,8100.0,0.0,225.0
12.131301326164873,0,225,8100.0,0.0,225.0
12.164629077060932,0,225,8100.0,0.0,225.0
12.197956827956988,0,225,8100.0,0.0,225.0
12.231284578853046,51,225,8100.0,0.0,225.0
12.264612329749104,0,225,8100.0,0.0,225.0
12.29794008064516,0,225,8100.0,0.0,225.0
12.331267831541219,0,225,8100.0,0.0,225.0
12.364595582437275,0,225,8100.0,0.0,225.0
12.397923333333333,0,225,8100.0,0.0,225.0
12.43125108422939,0,225,8100.0,0.0,225.0
12.464578835125447,0,225,8100.0,0.0,225.0
12.497906586021506,0,225,8100.0,0.0,225.0
12.531234336917562,0,225,8100.0,0.0,225.0
12.56456208781362,0,225,8100.0,0.0,225.0
12.597889838709676,0,225,8100.0,0.0,225.0
12.631217589605734,47,225,8100.0,0.0,225.0
12.66454534050179,0,225,8100.0,0.0,225.0
12.697873091397849,0,225,8100.0,0.0,225.0
12.731200842293907,0,225,8100.0,0.0,225.0
12.764528593189963,0,225,8100.0,0.0,225.0
12.797856344086021,0,225,8100.0,0.0,225.0
12.831184094982078,0,225,8100.0,0.0,225.0
12.864511845878136,0,225,8100.0,0.0,225.0
12.897839596774192,0,225,8100.0,0.0,225.0
12.93116734767025,0,225,8100.0,0.0,225.0
12.964495098566308,63,225,8100.0,0.0,225.0
12.997822849462365,0,225,8100.0,0.0,225.0
13.031150600358423,0,225,8100.0,0.0,225.0
13.064478351254479,0,225,8100.0,0.0,225.0
13.097806102150537,0,225,8100.0,0.0,225.0
13.131133853046594,0,225,8100.0,0.0,225.0
13.164461603942652,0,225,8100.0,0.0,225.0
13.19778935483871,0,225,8100.0,0.0,225.0
13.231117105734766,0,225,8100.0,0.0,225.0
13.264444856630824,0,225,8100.0,0.0,225.0
13.29777260752688,0,225,8100.0,0.0,225.0
13.331100358422939,0,225,8100.0,0.0,225.0
13.364428109318997,0,225,8100.0,0.0,225.0
13.397755860215053,0,225,8100.0,0.0,225.0
13.431083611111111,0,225,8100.0,0.0,225.0
13.464411362007167,0,225,8100.0,0.0,225.0
13.497739112903226,0,225,8100.0,0.0,225.0
13.531066863799282,0,225,8100.0,0.0,225.0
13.56439461469534,0,225,8100.0,0.0,225.0
13.597722365591398,0,225,8100.0,0.0,225.0
13.631050116487454,0,225,8100.0,0.0,225.0
13.664377867383513,0,225,8100.0,0.0,225.0
13.697705618279569,0,225,8100.0,0.0,225.0
13.731033369175627,0,225,8100.0,0.0,225.0
13.764361120071683,0,225,8100.0,0.0,225.0
13.797688870967741,0,225,8100.0,0.0,225.0
13.8310166218638,0,225,8100.0,0.0,225.0
13.864344372759856,0,225,8100.0,0.0,225.0
13.897672123655914,53,225,8100.0,0.0,225.0
13.93099987455197,0,225,8100.0,0.0,225.0
13.964327625448028,0,225,8100.0,0.0,225.0
13.997655376344085,0,225,8100.0,0.0,225.0
14.030983127240143,0,225,8100.0,0.0,225.0
14.064310878136201,0,225,8100.0,0.0,225.0
14.097638629032257,0,225,8100.0,0.0,225.0
14.130966379928315,0,225,8100.0,0.0,225.0
14.164294130824372,0,225,8100.0,0.0,225.0
14.19762188172043,0,225,8100.0,0.0,225.0
14.230949632616486,0,225,8100.0,0.0,225.0
14.264277383512544,0,225,8100.0,0.0,225.0
14.297605134408602,0,225,8100.0,0.0,225.0
14.330932885304659,0,225,8100.0,0.0,225.0
14.364260636200717,0,225,8100.0,0.0,225.0
14.397588387096773,0,225,8100.0,0.0,225.0
14.430916137992831,0,225,8100.0,0.0,225.0
14.464243888888888,0,225,8100.0,0.0,225.0
14.497571639784946,0,225,8100.0,0.0,225.0
14.530899390681004,0,225,8100.0,0.0,225.0
14.56422714157706,0,225,8100.0,0.0,225.0
14.597554892473118,0,225,8100.0,0.0,225.0
14.630882643369175,0,225,8100.0,0.0,225.0
14.664210394265233,0,225,8100.0,0.0,225.0
14.697538145161289,0,225,8100.0,0.0,225.0
14.730865896057347,0,225,8100.0,0.0,225.0
14.764193646953405,0,225,8100.0,0.0,225.0
14.797521397849462,0,225,8100.0,0.0,225.0
14.83084914874552,0,225,8100.0,0.0,225.0
14.864176899641576,0,225,8100.0,0.0,225.0
14.897504650537634,0,225,8100.0,0.0,225.0
14.93083240143369,0,225,8100.0,0.0,225.0
14.964160152329748,0,225,8100.0,0.0,225.0
14.997487903225807,0,225,8100.0,0.0,225.0
15.030815654121863,0,225,8100.0,0.0,225.0
15.064143405017921,0,225,8100.0,0.0,225.0
15.097471155913977,0,225,8100.0,0.0,225.0
15.130798906810035,0,225,8100.0,0.0,225.0
15.164126657706092,0,225,8100.0,0.0,225.0
15.19745440860215,0,225,8100.0,0.0,225.0
15.230782159498208,0,225,8100.0,0.0,225.0
15.264109910394264,0,225,8100.0,0.0,225.0
15.297437661290322,0,225,8100.0,0.0,225.0
15.330765412186379,0,225,8100.0,0.0,225.0
15.364093163082437,0,225,8100.0,0.0,225.0
15.397420913978493,0,225,8100.0,0.0,225.0
15.430748664874551,0,225,8100.0,0.0,225.0
15.46407641577061,0,225,8100.0,0.0,225.0
15.497404166666666,0,225,8100.0,0.0,225.0
15.530731917562724,0,225,8100.0,0.0,225.0
15.56405966845878,0,225,8100.0,0.0,225.0
15.597387419354838,0,225,8100.0,0.0,225.0
15.630715170250895,285,285,8100.0,0.0,225.0
15.664042921146953,61,225,8100.0,0.0,225.0
15.69737067204301,0,225,8100.0,61.0,225.0
15.730698422939067,0,225,8100.0,271.0,225.0
15.764026173835125,277,257,8100.0,251.0,225.0
15.797353924731182,271,225,8100.0,267.0,225.0
15.83068167562724,276,225,8100.0,267.0,225.0
15.864009426523296,251,225,8100.0,267.0,225.0
15.897337177419354,267,225,8100.0,251.0,225.0
15.930664928315412,251,225,8100.0,251.0,225.0
15.963992679211469,251,225,8100.0,251.0,225.0
15.997320430107527,235,225,8100.0,251.0,225.0
16.030648181003585,253,225,8100.0,251.0,225.0
16.06397593189964,229,225,8100.0,251.0,225.0
16.097303682795697,281,225,8064.0,235.0,225.0
16.130631433691757,263,225,7756.0,229.0,225.0
16.163959184587814,195,685,7400.0,195.0,683.0
16.19728693548387,183,683,7388.0,195.0,685.0
16.230614686379926,195,685,7410.0,195.0,685.0
16.263942437275986,195,685,7421.0,195.0,685.0
16.297270188172043,195,685,7430.0,183.0,685.0
16.3305979390681,181,685,7387.0,181.0,685.0
16.36392568996416,179,683,7630.0,179.0,685.0
16.397253440860215,179,685,7607.0,179.0,685.0
16.43058119175627,179,685,7647.0,179.0,685.0
16.463908942652328,179,685,7626.0,179.0,685.0
16.497236693548388,179,685,7620.0,179.0,685.0
16.530564444444444,179,685,7619.0,179.0,685.0
16.5638921953405,179,685,7612.0,179.0,685.0
16.59721994623656,179,685,7635.0,179.0,685.0
16.630547697132616,179,686,7615.0,179.0,686.0
16.663875448028673,179,687,7632.0,179.0,687.0
16.69720319892473,179,687,7622.0,179.0,687.0
16.73053094982079,183,687,7392.0,183.0,687.0
16.763858700716845,195,687,7464.0,195.0,687.0
16.7971864516129,195,687,7460.0,195.0,687.0
16.83051420250896,195,688,7432.0,195.0,688.0
16.863841953405018,195,688,7451.0,195.0,688.0
16.897169704301074,195,688,7475.0,195.0,688.0
16.93049745519713,195,689,7473.0,195.0,689.0
16.96382520609319,195,689,7470.0,195.0,689.0
16.997152956989247,195,689,7422.0,195.0,689.0
17.030480707885303,185,689,7453.0,195.0,689.0
17.063808458781363,196,691,7362.0,195.0,691.0
17.09713620967742,195,691,7406.0,185.0,691.0
17.130463960573476,185,691,7316.0,185.0,691.0
17.163791711469532,181,691,7489.0,181.0,691.0
17.197119462365592,181,693,7567.0,181.0,693.0
17.230447213261648,181,693,7600.0,181.0,693.0
17.263774964157705,181,693,7577.0,181.0,693.0
17.297102715053764,181,693,7562.0,181.0,693.0
17.33043046594982,182,693,7486.0,182.0,693.0
17.363758216845877,183,694,7495.0,183.0,694.0
17.397085967741933,183,695,7464.0,183.0,695.0
17.430413718637993,183,695,7585.0,183.0,695.0
17.46374146953405,183,695,7530.0,183.0,695.0
17.497069220430106,183,695,7534.0,183.0,695.0
17.530396971326166,185,695,7272.0,185.0,695.0
17.563724722222222,199,697,7357.0,199.0,697.0
17.59705247311828,199,697,7360.0,199.0,697.0
17.630380224014335,199,699,7380.0,199.0,699.0
17.663707974910395,200,699,7359.0,199.0,699.0
17.69703572580645,199,699,7397.0,199.0,699.0
17.730363476702507,200,701,7356.0,199.0,699.0
17.763691227598567,200,701,7362.0,199.0,701.0
17.797018978494624,199,699,7387.0,199.0,701.0
17.83034672939068,199,701,7388.0,199.0,701.0
17.863674480286736,199,701,7400.0,199.0,701.0
17.897002231182796,199,701,7386.0,199.0,701.0
17.930329982078852,199,701,7390.0,199.0,701.0
17.96365773297491,183,701,7607.0,183.0,701.0
17.99698548387097,183,701,7369.0,183.0,701.0
18.030313234767025,183,702,7438.0,183.0,702.0
18.06364098566308,183,702,7458.0,183.0,702.0
18.096968736559138,183,703,7544.0,183.0,703.0
18.130296487455198,182,703,7527.0,182.0,703.0
18.163624238351254,182,703,7464.0,182.0,703.0
18.19695198924731,181,704,7442.0,181.0,704.0
18.23027974014337,181,704,7445.0,181.0,704.0
18.263607491039426,179,705,7503.0,181.0,705.0
18.296935241935483,179,705,7470.0,181.0,705.0
18.33026299283154,179,705,7455.0,181.0,705.0
18.3635907437276,194,708,7347.0,194.0,708.0
18.396918494623655,194,709,7337.0,194.0,709.0
18.43024624551971,194,709,7346.0,194.0,709.0
18.46357399641577,195,709,7413.0,194.0,709.0
18.496901747311828,193,709,7381.0,193.0,709.0
18.530229498207884,193,709,7367.0,193.0,709.0
18.56355724910394,193,711,7394.0,193.0,711.0
18.596885,193,711,7379.0,193.0,711.0
18.630212750896057,192,711,7353.0,193.0,711.0
18.663540501792113,193,711,7329.0,192.0,711.0
18.696868252688173,192,711,7370.0,192.0,711.0
18.73019600358423,191,711,7380.0,191.0,711.0
18.763523754480286,173,711,7265.0,175.0,711.0
18.796851505376342,175,711,7472.0,175.0,711.0
18.8301792562724,175,711,7482.0,175.0,711.0
18.863507007168458,175,711,7463.0,175.0,711.0
18.896834758064514,175,711,7483.0,175.0,711.0
18.930162508960574,175,711,7489.0,175.0,711.0
18.96349025985663,175,711,7490.0,175.0,711.0
18.996818010752687,175,711,7458.0,175.0,711.0
19.030145761648743,175,711,7434.0,175.0,711.0
19.063473512544803,175,711,7410.0,175.0,711.0
19.09680126344086,175,712,7460.0,175.0,712.0
19.130129014336916,175,713,7532.0,175.0,713.0
19.163456765232976,189,714,7394.0,189.0,714.0
19.196784516129032,190,715,7434.0,189.0,715.0
19.23011226702509,189,715,7448.0,189.0,715.0
19.263440017921145,189,715,7430.0,189.0,715.0
19.296767768817205,189,715,7420.0,189.0,715.0
19.33009551971326,188,715,7376.0,188.0,715.0
19.363423270609317,188,715,7414.0,188.0,715.0
19.396751021505377,187,717,7418.0,187.0,717.0
19.430078772401433,187,717,7386.0,187.0,717.0
19.46340652329749,187,717,7392.0,187.0,717.0
19.496734274193546,187,717,7410.0,187.0,717.0
19.530062025089606,186,717,7387.0,186.0,717.0
19.563389775985662,173,717,7355.0,173.0,717.0
19.59671752688172,169,717,7535.0,169.0,717.0
19.63004527777778,169,717,7551.0,169.0,717.0
19.663373028673835,167,717,7533.0,167.0,717.0
19.69670077956989,167,717,7530.0,167.0,717.0
19.730028530465948,167,717,7460.0,167.0,717.0
19.763356281362007,167,717,7510.0,167.0,717.0
19.796684032258064,167,717,7526.0,167.0,717.0
19.83001178315412,167,718,7524.0,167.0,718.0
19.86333953405018,167,719,7482.0,167.0,719.0
19.896667284946236,167,719,7467.0,167.0,719.0
19.929995035842293,167,719,7443.0,167.0,719.0
19.96332278673835,171,721,7294.0,171.0,721.0
19.99665053763441,183,721,7436.0,183.0,721.0
20.029978288530465,183,721,7446.0,183.0,721.0
20.06330603942652,183,723,7370.0,183.0,723.0
20.09663379032258,183,723,7429.0,183.0,723.0
20.129961541218638,183,723,7447.0,183.0,723.0
20.163289292114694,184,723,7452.0,184.0,723.0
20.19661704301075,184,725,7413.0,184.0,725.0
20.22994479390681,184,725,7375.0,184.0,725.0
20.263272544802867,185,725,7379.0,184.0,725.0
20.296600295698923,184,727,7402.0,185.0,727.0
20.329928046594983,185,727,7335.0,185.0,727.0
20.36325579749104,185,727,7371.0,185.0,727.0
20.396583548387095,185,727,7346.0,185.0,727.0
20.42991129928315,185,729,7385.0,185.0,729.0
20.46323905017921,185,729,7346.0,185.0,729.0
20.496566801075268,185,729,7357.0,185.0,729.0
20.529894551971324,185,729,7326.0,185.0,729.0
20.563222302867384,185,731,7399.0,185.0,731.0
20.59655005376344,185,731,7347.0,185.0,731.0
20.629877804659497,185,731,7366.0,185.0,731.0
20.663205555555553,186,731,7351.0,185.0,731.0
20.696533306451613,185,733,7383.0,185.0,733.0
20.72986105734767,185,733,7338.0,185.0,733.0
20.763188808243726,184,733,7404.0,185.0,733.0
20.796516559139786,185,734,7392.0,185.0,734.0
20.829844310035842,185,735,7378.0,185.0,735.0
20.8631720609319,185,735,7396.0,185.0,735.0
20.896499811827955,185,735,7434.0,185.0,735.0
20.929827562724014,185,735,7400.0,185.0,735.0
20.96315531362007,185,735,7387.0,185.0,735.0
20.996483064516127,185,737,7326.0,185.0,737.0
21.029810815412187,185,737,7359.0,185.0,737.0
21.063138566308243,185,737,7345.0,185.0,737.0
21.0964663172043,185,737,7350.0,185.0,737.0
21.129794068100356,185,737,7344.0,185.0,737.0
21.163121818996416,185,737,7340.0,185.0,737.0
21.196449569892472,185,737,7343.0,185.0,737.0
21.22977732078853,185,737,7312.0,185.0,737.0
21.26310507168459,185,737,7342.0,185.0,737.0
21.296432822580645,185,737,7334.0,185.0,737.0
21.3297605734767,184,737,7327.0,184.0,737.0
21.363088324372757,184,737,7316.0,184.0,737.0
21.396416075268817,183,737,7314.0,183.0,737.0
21.429743826164874,183,737,7354.0,183.0,737.0
21.46307157706093,183,737,7344.0,183.0,737.0
21.49639932795699,183,737,7356.0,183.0,737.0
21.529727078853046,183,737,7342.0,183.0,737.0
21.563054829749102,183,737,7362.0,183.0,737.0
21.59638258064516,183,737,7332.0,183.0,737.0
21.62971033154122,183,735,7386.0,183.0,735.0
21.663038082437275,182,735,7376.0,182.0,735.0
21.69636583333333,182,735,7407.0,182.0,735.0
21.72969358422939,182,735,7362.0,182.0,735.0
21.763021335125448,182,735,7371.0,182.0,735.0
21.796349086021504,182,735,7351.0,182.0,735.0
21.82967683691756,182,735,7350.0,182.0,735.0
21.86300458781362,181,734,7364.0,181.0,734.0
21.896332338709676,181,733,7368.0,181.0,733.0
21.929660089605733,181,733,7322.0,181.0,733.0
21.962987840501793,169,733,7271.0,169.0,733.0
21.99631559139785,165,729,7171.0,165.0,729.0
22.029643342293905,165,729,7277.0,165.0,729.0
22.06297109318996,165,729,7302.0,165.0,729.0
22.09629884408602,163,729,7326.0,163.0,729.0
22.129626594982078,163,727,7291.0,163.0,727.0
22.162954345878134,163,727,7379.0,163.0,727.0
22.196282096774194,163,727,7318.0,163.0,727.0
22.22960984767025,163,727,7322.0,163.0,727.0
22.262937598566307,163,727,7324.0,163.0,727.0
22.296265349462363,163,727,7369.0,163.0,727.0
22.329593100358423,163,727,7369.0,163.0,727.0
22.36292085125448,163,727,7413.0,163.0,727.0
22.396248602150536,163,727,7322.0,163.0,727.0
22.429576353046595,163,727,7357.0,163.0,727.0
22.462904103942652,163,726,7285.0,163.0,727.0
22.496231854838708,163,727,7314.0,163.0,727.0
22.529559605734764,163,727,7242.0,163.0,726.0
22.562887356630824,165,725,7310.0,163.0,725.0
22.59621510752688,163,725,7259.0,163.0,725.0
22.629542858422937,165,725,7308.0,163.0,725.0
22.662870609318997,165,725,7287.0,165.0,725.0
22.696198360215053,163,725,7423.0,163.0,725.0
22.72952611111111,163,725,7397.0,163.0,725.0
22.762853862007166,165,725,7438.0,163.0,725.0
22.796181612903226,163,725,7394.0,163.0,725.0
22.829509363799282,163,725,7364.0,163.0,725.0
22.86283711469534,163,724,7328.0,165.0,724.0
22.8961648655914,165,723,7339.0,165.0,724.0
22.929492616487455,165,723,7282.0,165.0,724.0
22.96282036738351,165,724,7361.0,165.0,724.0
22.996148118279567,165,724,7218.0,165.0,724.0
23.029475869175627,163,724,7347.0,165.0,724.0
23.062803620071683,165,724,7309.0,165.0,724.0
23.09613137096774,165,723,7318.0,165.0,723.0
23.1294591218638,165,723,7369.0,165.0,723.0
23.162786872759856,165,723,7338.0,165.0,723.0
23.196114623655912,165,723,7384.0,165.0,723.0
23.22944237455197,165,723,7345.0,165.0,723.0
23.26277012544803,165,722,7386.0,165.0,723.0
23.296097876344085,165,723,7416.0,165.0,723.0
23.32942562724014,165,723,7289.0,165.0,723.0
23.3627533781362,165,723,7386.0,165.0,723.0
23.396081129032257,165,723,7351.0,165.0,723.0
23.429408879928314,165,723,7352.0,165.0,723.0
23.46273663082437,165,723,7328.0,165.0,723.0
23.49606438172043,165,723,7409.0,165.0,723.0
23.529392132616486,165,723,7317.0,165.0,723.0
23.562719883512543,166,723,7348.0,165.0,723.0
23.596047634408603,167,723,7222.0,165.0,723.0
23.62937538530466,165,723,7310.0,166.0,723.0
23.662703136200715,167,723,7260.0,167.0,723.0
23.69603088709677,165,723,7330.0,167.0,723.0
23.72935863799283,167,723,7202.0,167.0,723.0
23.762686388888888,167,723,7251.0,167.0,723.0
23.796014139784944,167,723,7314.0,167.0,723.0
23.829341890681004,167,723,7288.0,167.0,723.0
23.86266964157706,167,723,7244.0,167.0,723.0
23.895997392473117,167,723,7292.0,167.0,723.0
23.929325143369173,167,723,7252.0,167.0,723.0
23.962652894265233,167,724,7331.0,167.0,724.0
23.99598064516129,167,725,7298.0,167.0,725.0
24.029308396057345,167,725,7331.0,167.0,725.0
24.062636146953405,169,725,7297.0,169.0,725.0
24.09596389784946,169,725,7387.0,169.0,725.0
24.129291648745518,169,725,7349.0,169.0,725.0
24.162619399641574,169,725,7342.0,169.0,725.0
24.195947150537634,169,725,7276.0,169.0,725.0
24.22927490143369,169,725,7351.0,169.0,725.0
24.262602652329747,169,725,7318.0,169.0,725.0
24.295930403225807,169,725,7366.0,169.0,725.0
24.329258154121863,169,725,7316.0,169.0,725.0
24.36258590501792,169,725,7316.0,169.0,725.0
24.395913655913976,169,724,7279.0,169.0,725.0
24.429241406810036,169,724,7294.0,169.0,724.0
24.462569157706092,169,725,7288.0,169.0,724.0
24.49589690860215,169,724,7332.0,169.0,724.0
24.529224659498208,169,724,7268.0,169.0,724.0
24.562552410394265,169,723,7290.0,169.0,724.0
24.59588016129032,169,724,7213.0,169.0,723.0
24.629207912186377,169,723,7268.0,169.0,723.0
24.662535663082437,171,723,7254.0,169.0,723.0
24.695863413978493,171,723,7293.0,169.0,723.0
24.72919116487455,171,723,7193.0,169.0,723.0
24.76251891577061,169,723,7264.0,169.0,723.0
24.795846666666666,167,725,7324.0,169.0,723.0
24.829174417562722,169,725,7350.0,169.0,723.0
24.86250216845878,169,723,7249.0,169.0,723.0
24.89582991935484,169,723,7320.0,169.0,723.0
24.929157670250895,169,723,7273.0,169.0,723.0
24.96248542114695,169,723,7305.0,169.0,723.0
24.99581317204301,169,723,7316.0,169.0,723.0
25.029140922939067,169,723,7396.0,169.0,723.0
25.062468673835124,169,723,7365.0,169.0,723.0
25.09579642473118,169,725,7347.0,169.0,723.0
25.12912417562724,169,723,7287.0,169.0,723.0
25.162451926523296,169,723,7331.0,169.0,723.0
25.195779677419353,169,723,7301.0,169.0,723.0
25.229107428315412,169,723,7362.0,169.0,723.0
25.26243517921147,169,723,7278.0,169.0,723.0
25.295762930107525,169,723,7371.0,169.0,723.0
25.32909068100358,169,723,7287.0,169.0,723.0
25.36241843189964,169,723,7345.0,169.0,723.0
25.395746182795698,171,723,7294.0,171.0,723.0
25.429073933691754,171,723,7248.0,171.0,723.0
25.462401684587814,171,723,7196.0,171.0,723.0
25.49572943548387,171,723,7317.0,171.0,723.0
25.529057186379926,171,723,7281.0,171.0,723.0
25.562384937275983,169,723,7308.0,169.0,723.0
25.595712688172043,169,723,7276.0,169.0,723.0
25.6290404390681,169,723,7339.0,169.0,723.0
25.662368189964155,169,723,7287.0,169.0,723.0
25.695695940860215,171,723,7335.0,169.0,723.0
25.72902369175627,169,723,7354.0,169.0,723.0
25.762351442652328,169,723,7353.0,169.0,723.0
25.795679193548384,169,723,7276.0,169.0,723.0
25.829006944444444,169,723,7343.0,169.0,723.0
25.8623346953405,169,723,7266.0,169.0,723.0
25.895662446236557,169,723,7363.0,169.0,723.0
25.928990197132617,169,723,7312.0,169.0,723.0
25.962317948028673,169,723,7356.0,169.0,723.0
25.99564569892473,169,723,7255.0,169.0,723.0
26.028973449820786,167,723,7368.0,169.0,723.0
26.062301200716846,167,723,7308.0,167.0,723.0
26.095628951612902,167,723,7392.0,167.0,723.0
26.128956702508958,169,723,7246.0,167.0,723.0
26.162284453405018,167,723,7353.0,167.0,723.0
26.195612204301074,169,723,7265.0,167.0,723.0
26.22893995519713,167,723,7362.0,167.0,723.0
26.262267706093187,167,723,7262.0,167.0,723.0
26.295595456989247,169,723,7284.0,167.0,723.0
26.328923207885303,167,723,7300.0,167.0,723.0
26.36225095878136,167,723,7387.0,167.0,723.0
26.39557870967742,167,723,7263.0,167.0,723.0
26.428906460573476,165,723,7365.0,167.0,723.0
26.462234211469532,167,723,7256.0,167.0,723.0
26.495561962365592,167,723,7328.0,167.0,723.0
26.52888971326165,167,723,7190.0,167.0,723.0
26.562217464157705,167,725,7276.0,167.0,724.0
26.59554521505376,167,725,7332.0,167.0,725.0
26.62887296594982,167,725,7364.0,167.0,725.0
26.662200716845877,167,724,7287.0,167.0,725.0
26.695528467741934,167,725,7324.0,167.0,724.0
26.728856218637993,167,724,7277.0,167.0,724.0
26.76218396953405,167,724,7319.0,167.0,724.0
26.795511720430106,167,724,7239.0,167.0,724.0
26.828839471326162,167,724,7323.0,167.0,724.0
26.862167222222222,167,724,7270.0,167.0,724.0
26.89549497311828,167,725,7271.0,167.0,724.0
26.928822724014335,167,724,7174.0,167.0,724.0
26.962150474910395,167,725,7296.0,167.0,725.0
26.99547822580645,167,724,7164.0,167.0,725.0
27.028805976702508,167,725,7271.0,167.0,725.0
27.062133727598564,167,725,7265.0,167.0,725.0
27.095461478494624,167,725,7352.0,167.0,725.0
27.12878922939068,167,725,7273.0,167.0,725.0
27.162116980286736,168,725,7212.0,167.0,725.0
27.195444731182796,167,725,7233.0,167.0,725.0
27.228772482078853,169,725,7306.0,167.0,725.0
27.26210023297491,167,725,7287.0,167.0,725.0
27.295427983870965,167,725,7246.0,167.0,725.0
27.328755734767025,165,725,7232.0,167.0,725.0
27.36208348566308,167,725,7304.0,167.0,725.0
27.395411236559138,167,726,7239.0,167.0,725.0
27.428738987455198,167,725,7248.0,167.0,726.0
27.462066738351254,166,726,7191.0,167.0,726.0
27.49539448924731,165,726,7198.0,167.0,726.0
27.528722240143367,167,726,7157.0,167.0,726.0
27.562049991039427,167,727,7331.0,167.0,727.0
27.595377741935483,167,727,7220.0,167.0,727.0
27.62870549283154,167,727,7319.0,167.0,727.0
27.6620332437276,167,727,7253.0,167.0,727.0
27.695360994623655,165,727,7251.0,165.0,727.0
27.72868874551971,165,727,7242.0,165.0,727.0
27.762016496415768,165,727,7332.0,165.0,727.0
27.795344247311828,165,727,7324.0,165.0,727.0
27.828671998207884,165,727,7368.0,165.0,727.0
27.86199974910394,165,727,7213.0,165.0,727.0
27.8953275,165,727,7337.0,165.0,727.0
27.928655250896057,167,727,7262.0,165.0,727.0
27.961983001792113,167,727,7260.0,165.0,727.0
27.99531075268817,165,727,7263.0,165.0,727.0
28.02863850358423,165,727,7300.0,165.0,727.0
28.061966254480286,165,729,7316.0,165.0,727.0
28.095294005376342,163,727,7293.0,165.0,727.0
28.128621756272402,163,727,7279.0,163.0,727.0
28.16194950716846,165,727,7271.0,163.0,727.0
28.195277258064515,163,727,7231.0,163.0,727.0
28.22860500896057,163,727,7324.0,163.0,727.0
28.26193275985663,163,729,7258.0,163.0,727.0
28.295260510752687,163,728,7297.0,163.0,728.0
28.328588261648743,163,727,7228.0,163.0,728.0
28.361916012544803,163,728,7254.0,163.0,728.0
28.39524376344086,163,729,7264.0,163.0,728.0
28.428571514336916,163,728,7305.0,163.0,728.0
28.461899265232972,163,729,7253.0,163.0,729.0
28.495227016129032,163,729,7313.0,163.0,729.0
28.52855476702509,163,728,7264.0,163.0,729.0
28.561882517921145,163,729,7305.0,163.0,729.0
28.595210268817205,163,729,7282.0,163.0,729.0
28.62853801971326,163,729,7390.0,163.0,729.0
28.661865770609317,161,728,7303.0,163.0,729.0
28.695193521505374,163,728,7331.0,163.0,728.0
28.728521272401434,163,729,7239.0,163.0,728.0
28.76184902329749,163,728,7322.0,163.0,728.0
28.795176774193546,163,728,7259.0,163.0,728.0
28.828504525089606,163,728,7300.0,163.0,729.0
28.861832275985662,163,729,7249.0,163.0,729.0
28.89516002688172,163,729,7245.0,163.0,729.0
28.928487777777775,161,729,7316.0,163.0,729.0
28.961815528673835,163,729,7299.0,163.0,729.0
28.99514327956989,163,728,7129.0,163.0,729.0
29.028471030465948,163,729,7287.0,163.0,729.0
29.061798781362008,161,729,7197.0,163.0,729.0
29.095126532258064,163,729,7285.0,163.0,729.0
29.12845428315412,163,729,7167.0,163.0,729.0
29.161782034050177,163,729,7162.0,163.0,729.0
29.195109784946236,163,729,7145.0,163.0,729.0
29.228437535842293,167,729,7270.0,167.0,729.0
29.26176528673835,167,729,7295.0,167.0,729.0
29.29509303763441,173,729,7322.0,173.0,729.0
29.328420788530465,175,729,7270.0,175.0,729.0
29.36174853942652,181,728,7309.0,181.0,729.0
29.395076290322578,189,729,7309.0,189.0,729.0
29.428404041218638,195,728,7391.0,195.0,729.0
29.461731792114694,203,729,7373.0,203.0,729.0
29.49505954301075,213,729,7485.0,213.0,729.0
29.52838729390681,223,729,7357.0,223.0,729.0
29.561715044802867,233,729,7504.0,233.0,729.0
29.595042795698923,245,729,7510.0,245.0,729.0
29.62837054659498,259,729,7620.0,259.0,729.0
29.66169829749104,273,729,7589.0,273.0,729.0
29.695026048387096,289,729,7666.0,289.0,729.0
29.728353799283152,305,729,7617.0,305.0,729.0
29.761681550179212,321,727,7613.0,321.0,727.0
29.795009301075268,339,727,7582.0,339.0,727.0
29.828337051971324,357,727,7476.0,357.0,727.0
29.86166480286738,377,727,7474.0,377.0,727.0
29.89499255376344,397,727,7165.0,397.0,727.0
29.928320304659497,417,727,7016.0,417.0,727.0
29.961648055555553,439,727,6809.0,439.0,727.0
29.994975806451613,461,727,6352.0,461.0,727.0
30.02830355734767,483,727,6000.0,483.0,727.0
30.061631308243726,507,726,5340.0,507.0,726.0
30.094959059139782,533,725,5359.0,533.0,725.0
30.128286810035842,555,725,5494.0,555.0,725.0
30.1616145609319,579,725,5476.0,579.0,725.0
30.194942311827955,603,725,5610.0,603.0,725.0
30.228270062724015,625,725,5534.0,625.0,725.0
30.26159781362007,647,727,5539.0,647.0,727.0
30.294925564516127,671,729,5271.0,671.0,729.0
30.328253315412184,691,736,5328.0,691.0,736.0
30.361581066308243,713,745,5243.0,713.0,745.0
30.3949088172043,731,757,5610.0,731.0,757.0
30.428236568100356,749,769,5902.0,749.0,769.0
30.461564318996416,765,785,6192.0,765.0,785.0
30.494892069892472,778,803,6455.0,778.0,803.0
30.52821982078853,788,821,6862.0,788.0,821.0
30.561547571684585,795,839,7071.0,795.0,839.0
30.594875322580645,801,860,7142.0,801.0,860.0
30.6282030734767,805,881,6976.0,801.0,881.0
30.661530824372758,804,901,6761.0,801.0,901.0
30.694858575268817,801,922,6444.0,801.0,922.0
30.728186326164874,795,941,6384.0,795.0,941.0
30.76151407706093,789,959,6137.0,789.0,959.0
30.794841827956986,779,976,6067.0,779.0,976.0
30.828169578853046,767,993,5974.0,767.0,993.0
30.861497329749103,753,1004,5975.0,753.0,1004.0
30.89482508064516,736,1015,5732.0,736.0,1015.0
30.92815283154122,717,1025,5732.0,717.0,1025.0
30.961480582437275,699,1031,5668.0,699.0,1031.0
30.99480833333333,679,1036,5544.0,679.0,1036.0
31.028136084229388,659,1039,5326.0,659.0,1039.0
31.061463835125448,637,1039,4998.0,637.0,1039.0
31.094791586021504,615,1041,4600.0,615.0,1040.0
31.12811933691756,591,1041,4227.0,591.0,1041.0
31.16144708781362,569,1040,4012.0,569.0,1041.0
31.194774838709677,545,1041,4071.0,545.0,1041.0
31.228102589605733,521,1041,4143.0,521.0,1041.0
31.26143034050179,491,1041,5054.0,491.0,1041.0
31.29475809139785,467,1041,5562.0,467.0,1041.0
31.328085842293905,441,1042,6603.0,441.0,1042.0
31.361413593189962,415,1043,6878.0,415.0,1042.0
31.39474134408602,391,1043,6995.0,391.0,1042.0
31.428069094982078,367,1043,6890.0,367.0,1042.0
31.461396845878134,341,1041,6832.0,341.0,1041.0
31.49472459677419,317,1039,6704.0,317.0,1039.0
31.52805234767025,293,1035,6525.0,293.0,1035.0
31.561380098566307,271,1029,6441.0,271.0,1029.0
31.594707849462363,245,1017,6442.0,245.0,1017.0
31.628035600358423,225,1003,6225.0,225.0,1003.0
31.66136335125448,209,995,6409.0,209.0,995.0
31.694691102150536,195,979,6898.0,195.0,979.0
31.728018853046592,182,960,6900.0,182.0,960.0
31.761346603942652,173,940,7141.0,173.0,940.0
31.79467435483871,163,921,7192.0,163.0,921.0
31.828002105734765,156,901,7011.0,159.0,901.0
31.861329856630825,154,879,6980.0,159.0,879.0
31.89465760752688,153,857,6926.0,159.0,857.0
31.927985358422937,159,839,6794.0,159.0,839.0
31.961313109318993,167,821,6837.0,167.0,821.0
31.994640860215053,173,797,6832.0,173.0,797.0
32.02796861111111,187,783,7086.0,187.0,783.0
32.06129636200717,197,769,7070.0,197.0,769.0
32.094624112903226,215,755,7077.0,215.0,755.0
32.12795186379928,233,745,7222.0,233.0,745.0
32.16127961469534,253,737,7364.0,253.0,737.0
32.194607365591395,273,729,7503.0,273.0,729.0
32.22793511648745,295,725,7637.0,295.0,725.0
32.261262867383515,315,723,7674.0,315.0,723.0
32.29459061827957,339,723,7604.0,339.0,723.0
32.32791836917563,361,723,7550.0,361.0,723.0
32.361246120071684,385,723,7439.0,385.0,723.0
32.39457387096774,409,725,7081.0,409.0,725.0
32.427901621863796,431,725,6784.0,431.0,725.0
32.46122937275985,455,727,6638.0,455.0,727.0
32.494557123655916,479,729,6236.0,479.0,729.0
32.52788487455197,501,729,5656.0,501.0,729.0
32.56121262544803,525,731,5414.0,525.0,731.0
32.594540376344085,547,731,5547.0,547.0,731.0
32.62786812724014,571,733,5477.0,571.0,733.0
32.6611958781362,593,733,5696.0,593.0,733.0
32.694523629032254,617,735,5666.0,617.0,735.0
32.72785137992832,637,735,5766.0,637.0,735.0
32.761179130824374,657,737,5744.0,657.0,737.0
32.79450688172043,679,737,5861.0,679.0,737.0
32.82783463261649,699,739,5931.0,699.0,739.0
32.86116238351254,719,739,6152.0,719.0,739.0
32.8944901344086,737,740,6235.0,737.0,740.0
32.927817885304655,757,741,6419.0,757.0,741.0
32.96114563620072,775,742,6459.0,775.0,742.0
32.994473387096775,793,743,6741.0,793.0,743.0
33.02780113799283,811,743,6807.0,811.0,743.0
33.06112888888889,827,745,7163.0,827.0,745.0
33.094456639784944,839,745,7106.0,839.0,745.0
33.127784390681,849,745,7169.0,849.0,745.0
33.16111214157706,859,746,7135.0,859.0,746.0
33.19443989247312,865,747,7142.0,865.0,747.0
33.22776764336918,869,747,7067.0,869.0,747.0
33.26109539426523,873,747,7080.0,873.0,747.0
33.29442314516129,877,747,7040.0,877.0,747.0
33.327750896057346,879,747,7097.0,879.0,747.0
33.3610786469534,881,747,7010.0,879.0,747.0
33.39440639784946,881,747,7004.0,879.0,747.0
33.42773414874552,881,747,6998.0,879.0,747.0
33.46106189964158,879,747,6969.0,879.0,747.0
33.494389650537634,879,748,6983.0,879.0,748.0
33.52771740143369,879,748,6987.0,879.0,748.0
33.56104515232975,877,748,6929.0,877.0,748.0
33.5943729032258,877,748,6988.0,877.0,748.0
33.62770065412186,875,749,6901.0,875.0,749.0
33.66102840501792,875,749,6977.0,875.0,749.0
33.69435615591398,875,749,6886.0,875.0,749.0
33.727683906810036,873,749,6939.0,873.0,749.0
33.76101165770609,873,749,6902.0,873.0,749.0
33.79433940860215,871,749,6955.0,871.0,749.0
33.827667159498205,871,749,6975.0,871.0,749.0
33.86099491039426,869,749,6928.0,869.0,749.0
33.894322661290325,869,749,6894.0,869.0,749.0
33.92765041218638,867,749,6914.0,867.0,749.0
33.96097816308244,867,749,6933.0,867.0,749.0
33.99430591397849,867,749,6892.0,867.0,749.0
34.02763366487455,867,749,6874.0,867.0,749.0
34.060961415770606,866,749,6875.0,866.0,749.0
34.09428916666666,865,750,6876.0,865.0,750.0
34.127616917562726,863,750,6868.0,863.0,750.0
34.16094466845878,863,750,6863.0,863.0,750.0
34.19427241935484,863,750,6855.0,863.0,750.0
34.227600170250895,861,750,6829.0,861.0,750.0
34.26092792114695,861,751,6834.0,861.0,751.0
34.29425567204301,861,751,6791.0,861.0,751.0
34.327583422939064,859,751,6852.0,859.0,751.0
34.36091117383513,859,751,6818.0,859.0,751.0
34.394238924731184,859,751,6800.0,859.0,751.0
34.42756667562724,859,751,6810.0,859.0,751.0
34.460894426523296,857,751,6755.0,857.0,751.0
34.49422217741935,857,751,6775.0,857.0,751.0
34.52754992831541,857,751,6825.0,857.0,751.0
34.560877679211465,856,751,6827.0,856.0,751.0
34.59420543010753,856,751,6888.0,856.0,751.0
34.627533181003585,855,751,6843.0,855.0,751.0
34.66086093189964,855,751,6887.0,855.0,751.0
34.6941886827957,855,751,6864.0,855.0,751.0
34.727516433691754,853,751,6852.0,853.0,751.0
34.76084418458781,853,751,6846.0,853.0,751.0
34.79417193548387,853,751,6823.0,853.0,751.0
34.82749968637993,853,751,6825.0,853.0,751.0
34.86082743727599,853,751,6852.0,853.0,751.0
34.89415518817204,853,751,6834.0,853.0,751.0
34.9274829390681,853,751,6848.0,853.0,751.0
34.960810689964156,853,751,6779.0,853.0,751.0
34.99413844086021,853,751,6812.0,853.0,751.0
35.02746619175627,853,751,6767.0,853.0,751.0
35.06079394265233,853,752,6759.0,853.0,752.0
35.09412169354839,852,753,6755.0,852.0,753.0
35.127449444444444,852,753,6744.0,852.0,753.0
35.1607771953405,851,753,6716.0,851.0,753.0
35.19410494623656,851,753,6865.0,851.0,753.0
35.22743269713261,851,753,6770.0,851.0,753.0
35.26076044802867,851,753,6804.0,851.0,753.0
35.29408819892473,852,753,6741.0,851.0,753.0
35.32741594982079,851,753,6747.0,851.0,753.0
35.360743700716846,851,753,6776.0,851.0,753.0
35.3940714516129,851,753,6745.0,851.0,753.0
35.42739920250896,850,753,6759.0,851.0,753.0
35.460726953405015,851,753,6794.0,851.0,753.0
35.49405470430107,851,753,6755.0,851.0,753.0
35.527382455197134,850,753,6775.0,850.0,753.0
35.56071020609319,850,753,6747.0,850.0,753.0
35.59403795698925,851,753,6819.0,850.0,753.0
35.6273657078853,849,753,6766.0,849.0,753.0
35.66069345878136,849,753,6754.0,849.0,753.0
35.694021209677416,849,754,6737.0,849.0,754.0
35.72734896057347,849,754,6766.0,849.0,754.0
35.760676711469536,849,754,6741.0,849.0,754.0
35.79400446236559,849,754,6758.0,849.0,754.0
35.82733221326165,849,755,6744.0,849.0,755.0
35.860659964157705,849,755,6756.0,849.0,755.0
35.89398771505376,849,755,6747.0,849.0,755.0
35.92731546594982,849,755,6797.0,849.0,755.0
35.960643216845874,849,755,6738.0,849.0,755.0
35.99397096774194,850,755,6837.0,849.0,755.0
36.027298718637994,849,755,6780.0,849.0,755.0
36.06062646953405,849,755,6812.0,849.0,755.0
36.093954220430106,849,755,6762.0,850.0,755.0
36.12728197132616,850,755,6773.0,850.0,755.0
36.16060972222222,850,755,6791.0,850.0,755.0
36.193937473118275,850,755,6830.0,850.0,755.0
36.22726522401434,851,755,6778.0,850.0,755.0
36.260592974910395,849,755,6767.0,849.0,755.0
36.29392072580645,849,755,6755.0,849.0,755.0
36.32724847670251,849,755,6803.0,849.0,755.0
36.360576227598564,849,755,6761.0,849.0,755.0
36.39390397849462,849,757,6781.0,849.0,756.0
36.42723172939068,849,756,6754.0,849.0,756.0
36.46055948028674,849,756,6739.0,849.0,757.0
36.493887231182796,849,757,6751.0,849.0,757.0
36.52721498207885,849,757,6765.0,849.0,757.0
36.56054273297491,850,757,6762.0,849.0,757.0
36.593870483870965,851,757,6779.0,850.0,757.0
36.62719823476702,849,757,6728.0,850.0,757.0
36.66052598566308,850,757,6768.0,851.0,757.0
36.69385373655914,851,757,6721.0,851.0,757.0
36.7271814874552,851,757,6770.0,851.0,757.0
36.760509238351254,851,757,6707.0,851.0,757.0
36.79383698924731,851,757,6715.0,851.0,757.0
36.82716474014337,849,757,6677.0,849.0,757.0
36.86049249103942,849,757,6677.0,849.0,757.0
36.89382024193548,849,757,6659.0,849.0,757.0
36.92714799283154,849,757,6719.0,849.0,757.0
36.9604757437276,849,759,6733.0,849.0,759.0
36.993803494623656,849,759,6695.0,849.0,759.0
37.02713124551971,851,759,6649.0,849.0,759.0
37.06045899641577,849,759,6699.0,850.0,759.0
37.093786747311825,850,759,6659.0,850.0,759.0
37.12711449820788,851,759,6703.0,850.0,759.0
37.160442249103944,850,759,6692.0,850.0,759.0
37.19377,849,759,6772.0,850.0,759.0
37.22709775089606,849,759,6738.0,850.0,759.0
37.26042550179211,851,759,6720.0,850.0,759.0
37.29375325268817,849,759,6783.0,849.0,759.0
37.327081003584226,851,759,6741.0,849.0,759.0
37.36040875448028,850,759,6750.0,849.0,759.0
37.393736505376346,849,759,6782.0,849.0,759.0
37.4270642562724,849,759,6781.0,849.0,759.0
37.46039200716846,849,759,6784.0,849.0,759.0
37.493719758064515,849,759,6775.0,849.0,759.0
37.52704750896057,849,759,6839.0,849.0,759.0
37.56037525985663,848,759,6769.0,849.0,759.0
37.593703010752684,849,759,6774.0,849.0,759.0
37.62703076164875,849,760,6779.0,849.0,760.0
37.6603585125448,849,760,6815.0,849.0,760.0
37.69368626344086,849,760,6786.0,849.0,760.0
37.727014014336916,849,761,6772.0,849.0,761.0
37.76034176523297,849,761,6801.0,849.0,761.0
37.79366951612903,849,761,6771.0,849.0,761.0
37.826997267025085,851,761,6768.0,850.0,761.0
37.86032501792115,850,761,6512.0,851.0,761.0
37.893652768817205,851,761,6283.0,851.0,761.0
37.92698051971326,851,761,6304.0,851.0,761.0
37.96030827060932,852,761,6252.0,852.0,761.0
37.993636021505374,853,761,6246.0,853.0,761.0
38.02696377240143,853,761,6206.0,853.0,761.0
38.06029152329749,853,761,6230.0,853.0,761.0
38.09361927419355,853,761,6289.0,853.0,761.0
38.126947025089606,853,761,6275.0,853.0,761.0
38.16027477598566,853,761,6239.0,853.0,761.0
38.19360252688172,853,761,6226.0,853.0,761.0
38.226930277777775,853,761,6240.0,853.0,761.0
38.26025802867383,853,761,6263.0,853.0,761.0
38.29358577956989,853,761,6278.0,853.0,761.0
38.32691353046595,853,761,6231.0,853.0,761.0
38.36024128136201,853,761,6241.0,853.0,761.0
38.393569032258064,853,761,6303.0,853.0,761.0
38.42689678315412,853,761,6259.0,853.0,761.0
38.46022453405018,853,761,6285.0,853.0,761.0
38.49355228494623,853,761,6252.0,853.0,761.0
38.52688003584229,853,763,6232.0,853.0,763.0
38.56020778673835,853,763,6208.0,853.0,763.0
38.59353553763441,852,763,6244.0,853.0,763.0
38.626863288530465,853,763,6244.0,853.0,763.0
38.66019103942652,853,763,6265.0,853.0,763.0
38.69351879032258,853,763,6268.0,853.0,763.0
38.726846541218634,853,763,6192.0,853.0,763.0
38.76017429211469,852,763,6185.0,853.0,763.0
38.793502043010754,853,763,6239.0,853.0,763.0
38.82682979390681,852,763,6215.0,852.0,763.0
38.86015754480287,853,763,6244.0,852.0,763.0
38.89348529569892,851,763,6226.0,852.0,763.0
38.92681304659498,852,763,6261.0,852.0,763.0
38.960140797491036,852,763,6250.0,851.0,763.0
38.99346854838709,851,763,6234.0,851.0,763.0
39.026796299283156,851,763,6233.0,851.0,763.0
39.06012405017921,851,763,6270.0,851.0,763.0
39.09345180107527,851,763,6203.0,851.0,763.0
39.126779551971325,851,763,6189.0,851.0,763.0
39.16010730286738,851,763,6226.0,851.0,763.0
39.19343505376344,851,763,6224.0,851.0,763.0
39.226762804659494,851,763,6230.0,851.0,763.0
39.26009055555556,851,763,6211.0,851.0,763.0
39.29341830645161,851,763,6241.0,851.0,763.0
39.32674605734767,851,763,6322.0,851.0,763.0
39.360073808243726,851,763,6242.0,851.0,763.0
39.39340155913978,851,763,6306.0,851.0,763.0
39.42672931003584,851,763,6259.0,851.0,763.0
39.460057060931895,851,763,6263.0,851.0,763.0
39.49338481182796,851,765,6271.0,851.0,764.0
39.526712562724015,851,765,6255.0,851.0,764.0
39.56004031362007,851,764,6260.0,851.0,764.0
39.59336806451613,851,764,6241.0,851.0,764.0
39.626695815412184,851,764,6236.0,851.0,764.0
39.66002356630824,850,763,6267.0,850.0,763.0
39.693351317204296,849,763,6278.0,850.0,763.0
39.72667906810036,849,763,6241.0,850.0,763.0
39.760006818996416,850,763,6220.0,850.0,763.0
39.79333456989247,850,763,6279.0,850.0,763.0
39.82666232078853,850,764,6238.0,850.0,764.0
39.859990071684585,850,765,6239.0,850.0,764.0
39.89331782258064,850,765,6229.0,850.0,764.0
39.9266455734767,849,764,6256.0,850.0,765.0
39.95997332437276,850,763,6276.0,850.0,765.0
39.99330107526882,849,765,6376.0,849.0,765.0
40.026628826164874,850,765,6346.0,849.0,765.0
40.05995657706093,849,765,6329.0,849.0,765.0
40.09328432795699,849,765,6285.0,849.0,765.0
40.12661207885304,849,765,6255.0,849.0,765.0
40.1599398297491,849,765,6259.0,849.0,765.0
40.19326758064516,849,765,6270.0,849.0,765.0
40.22659533154122,849,765,6276.0,849.0,765.0
40.259923082437275,849,765,6252.0,849.0,765.0
40.29325083333333,849,765,6274.0,849.0,765.0
40.32657858422939,849,765,6267.0,849.0,765.0
40.359906335125444,848,765,6263.0,848.0,765.0
40.3932340860215,847,765,6225.0,847.0,765.0
40.426561836917564,847,765,6211.0,847.0,765.0
40.45988958781362,847,765,6231.0,847.0,765.0
40.49321733870968,847,765,6225.0,847.0,765.0
40.52654508960573,847,765,6213.0,847.0,765.0
40.55987284050179,847,765,6236.0,847.0,765.0
40.593200591397846,847,765,6276.0,847.0,765.0
40.6265283422939,847,765,6255.0,847.0,765.0
40.659856093189966,847,765,6294.0,847.0,765.0
40.69318384408602,847,765,6226.0,847.0,765.0
40.72651159498208,847,765,6273.0,847.0,765.0
40.759839345878135,847,765,6287.0,847.0,765.0
40.79316709677419,846,765,6284.0,846.0,765.0
40.82649484767025,846,765,6276.0,846.0,765.0
40.8598225985663,846,765,6268.0,846.0,765.0
40.89315034946237,846,767,6266.0,846.0,766.0
40.92647810035842,846,766,6189.0,846.0,766.0
40.95980585125448,845,766,6196.0,845.0,767.0
40.993133602150536,845,767,6259.0,845.0,767.0
41.02646135304659,845,767,6245.0,845.0,767.0
41.05978910394265,845,767,6234.0,845.0,767.0
41.093116854838705,845,767,6280.0,845.0,767.0
41.12644460573477,845,767,6224.0,845.0,767.0
41.159772356630825,845,767,6235.0,845.0,767.0
41.19310010752688,845,767,6204.0,845.0,767.0
41.22642785842294,845,767,6222.0,845.0,767.0
41.259755609318994,845,767,6218.0,845.0,767.0
41.29308336021505,845,767,6242.0,845.0,767.0
