phase_pct,baseline_omega_mean,baseline_omega_std,baseline_alpha_mag_mean,baseline_alpha_mag_std,baseline_omega_sq_mean,baseline_omega_sq_std,baseline_sp_feedback_mean,baseline_sp_feedback_std,baseline_turn_ff_mean,baseline_turn_ff_std,baseline_required_turn_voltage_mean,baseline_required_turn_voltage_std,baseline_motor_voltage_delta_mean,baseline_motor_voltage_delta_std,baseline_speed_error_mean,baseline_speed_error_std,baseline_acceleration_mean,baseline_acceleration_std,predicted_speed_error_unconstrained,predicted_speed_error_constrained,predicted_speed_error_conservative
0.0,0.12176513671875,0.0,147.52197265625,0.0,0.01482674852013588,0.0,-0.008639037609100342,0.022846068309902573,0.0002835449218749897,0.0,-0.008355492687225352,0.022846068309902573,0.028167724609375,0.022877907035413574,0.00433349609375,0.009529110715329588,0.4577992401478861,0.6850324726737731,0.0107421875,0.0107421875,0.0107421875
0.5,0.22576812744140626,2.7755575615628914e-17,184.82879638671875,0.0,0.05549735164269804,6.938893903907228e-18,-0.007282885015010834,0.022062632108222662,0.0002835449218749897,0.0,-0.006999340093135844,0.022062632108222662,0.029555435180664065,0.022109310352955238,0.0049359130859375,0.008421666932764853,0.6641967702301005,0.7831927304298032,0.0101397705078125,0.0101397705078125,0.0101397705078125
1.0,0.35146728515625003,5.551115123125783e-17,220.55908203125,0.0,0.13324782073497768,2.7755575615628914e-17,-0.007737898826599121,0.02191139357247429,0.0002835449218749897,0.0,-0.007454353904724131,0.02191139357247429,0.029105415344238283,0.021948780611697166,0.004637451171875,0.008527102304029453,0.8694130779702021,0.8498136466694286,0.010438232421874999,0.010438232421874999,0.010438232421874999
1.5,0.49842041015625005,5.551115123125783e-17,254.7900390625,0.0,0.254759019613266,5.551115123125783e-17,-0.009441890716552735,0.023730182839531096,0.0002835449218749897,0.0,-0.009158345794677746,0.023730182839531096,0.024509057998657227,0.02239816670818325,0.0037223815917968753,0.01029853892553317,1.0301354326012406,0.8670991781856067,0.011353302001953124,0.011353302001953124,0.011353302001953124
2.0,0.6743261718750001,1.1102230246251565e-16,287.1484375,0.0,0.46390478610992425,1.1102230246251565e-16,-0.010867924690246583,0.02099580678550032,0.0002835449218749897,0.0,-0.010584379768371593,0.02099580678550032,0.0054240036010742175,0.02335754776655726,0.0029693603515625003,0.009014398725305581,0.966944839015154,0.9262740398846714,0.012106323242187501,0.012106323242187501,0.012106323242187501
2.5,0.87432861328125,0.0,316.68701171875,0.0,0.7862127721309662,0.0,-0.011754977703094483,0.019124577317245015,0.0002835449218749897,0.0,-0.011471432781219494,0.019124577317245015,-0.01312432289123535,0.01580625373733131,0.0024887084960937503,0.007511540756209589,1.1027560645328032,0.9134618119573129,0.01258697509765625,0.01258697509765625,0.01258697509765625
3.0,1.0919140625,0.0,344.248046875,0.0,1.2122627639770507,0.0,-0.013963699340820312,0.01959401011145829,0.0002835449218749897,0.0,-0.013680154418945323,0.01959401011145829,-0.02721710205078125,0.019598467625613687,0.0013433837890625007,0.007318188817256409,1.3110013663907756,0.8299257167429812,0.013732299804687499,0.013732299804687499,0.013732299804687499
3.5,1.3287499999999997,2.220446049250313e-16,369.7216796875,0.0,1.7724352645874022,0.0,-0.01928359270095825,0.02293671881721671,0.0002835449218749897,0.0,-0.01900004777908326,0.02293671881721671,-0.03248825073242187,0.022954208358915044,-0.0013674926757812483,0.009301278965556877,1.527930662070684,0.7687033046926506,0.01644317626953125,0.01644317626953125,0.01644317626953125
4.0,1.5887109375,0.0,393.9453125,0.0,2.5558981704711914,0.0,-0.022301087379455565,0.02702032001188447,0.0002835449218749897,0.0,-0.022017542457580575,0.02702032001188447,-0.035513305664062494,0.027085588797620717,-0.0028479003906249994,0.010989421154772064,1.6269212558275064,0.7956198672244053,0.017923583984375,0.017923583984375,0.017923583984375
4.5,1.8628125000000002,2.220446049250313e-16,415.68359375,0.0,3.507365112304687,4.440892098500626e-16,-0.02223117470741272,0.028012358242496448,0.0002835449218749897,0.0,-0.021947629785537732,0.028012358242496448,-0.035449104309082026,0.028094559688630717,-0.002771453857421875,0.011359232956365171,1.8138937072042494,0.8972439000332749,0.017847137451171877,0.017847137451171877,0.017847137451171877
5.0,2.1505859375000003,4.440892098500626e-16,434.765625,0.0,4.633950042724607,8.881784197001252e-16,-0.019826635718345635,0.025077475575341516,0.0002835449218749897,0.0,-0.019543090796470645,0.025077475575341516,-0.03304557800292968,0.025166209823792987,-0.0015274047851562469,0.00993037197427364,2.1096360711228814,0.8861849476909174,0.01660308837890625,0.01660308837890625,0.01660308837890625
5.5,2.45626953125,0.0,451.2890625,0.0,6.068035964965819,0.0,-0.025845552980899807,0.024152664260936336,0.0002835449218749897,0.0,-0.025562008059024817,0.024152664260936336,-0.0391073989868164,0.024210035342176778,-0.004561004638671874,0.009461611098036626,2.463854454058319,0.7574082562142427,0.01963668823242187,0.01963668823242187,0.01963668823242187
6.0,2.7727343749999993,4.440892098500626e-16,466.015625,0.0,7.739941101074217,8.881784197001252e-16,-0.030718008279800414,0.021533069869572003,0.0002835449218749897,0.0,-0.030434463357925424,0.021533069869572003,-0.043923339843750006,0.02158258235452159,-0.006920776367187499,0.007641773916622532,2.647374293187294,0.8275342601096531,0.0219964599609375,0.0219964599609375,0.0219964599609375
6.5,3.0981640625,0.0,479.462890625,0.0,9.629910888671875,0.0,-0.03452781260013581,0.020852969389408414,0.0002835449218749897,0.0,-0.03424426767826082,0.020852969389408414,-0.047647705078125005,0.020872137336960674,-0.008700103759765624,0.006821318783691908,2.8008611719091583,0.9576947970940678,0.023775787353515626,0.023775787353515626,0.023775787353515626
7.0,3.4341406250000004,4.440892098500626e-16,491.85546875,0.0,11.819008178710934,1.7763568394002505e-15,-0.036858228445053105,0.024083637105394573,0.0002835449218749897,0.0,-0.036574683523178116,0.024083637105394573,-0.049971313476562494,0.024006005281528384,-0.009754333496093748,0.008343246617786033,3.1536000925344276,0.8459325348734343,0.02483001708984375,0.02483001708984375,0.02483001708984375
7.5,3.7802246093750003,4.440892098500626e-16,500.87890625,0.0,14.349768352508546,1.7763568394002505e-15,-0.04552840292453765,0.02422129162600925,0.0002835449218749897,0.0,-0.04524485800266266,0.02422129162600925,-0.05866470336914062,0.024139049385152767,-0.013984680175781248,0.008491577806274376,3.813483498313224,0.46612133277622436,0.029060363769531247,0.029060363769531247,0.029060363769531247
8.0,4.131875,0.0,507.5,0.0,17.123979187011717,3.552713678800501e-15,-0.05312654972076416,0.024547546369530195,0.0002835449218749897,0.0,-0.05284300479888917,0.024547546369530195,-0.066298828125,0.02447609173285165,-0.017617187499999996,0.008770652648321131,4.245060562809609,0.32407742251781846,0.03269287109375,0.03269287109375,0.03269287109375
8.5,4.4885058593750005,0.0,511.630859375,0.0,20.150465679168704,0.0,-0.05692191123962402,0.026479421870184015,0.0002835449218749897,0.0,-0.05663836631774903,0.026479421870184015,-0.07013923645019532,0.026437845962324357,-0.0192523193359375,0.009885063405084419,4.224699149320763,0.4931110110849532,0.034328002929687504,0.034328002929687504,0.034328002929687504
9.0,4.849179687499999,8.881784197001252e-16,517.109375,0.0,23.570554656982416,3.552713678800501e-15,-0.06382912158966064,0.0250295180347146,0.0002835449218749897,0.0,-0.06354557666778565,0.0250295180347146,-0.07698028564453126,0.025014757775658418,-0.02242462158203125,0.008774829057571378,4.23955566121705,0.6261888164757254,0.03750030517578125,0.03750030517578125,0.03750030517578125
9.5,5.213027343749999,0.0,519.53125,0.0,27.24015647888183,0.0,-0.068673357963562,0.0228040819070299,0.0002835449218749897,0.0,-0.06838981304168701,0.0228040819070299,-0.08177101135253906,0.02281048984264361,-0.02454544067382812,0.007481988247994984,4.347553030872124,0.7640099589573499,0.03962112426757812,0.03962112426757812,0.03962112426757812
10.0,5.579296874999998,8.881784197001252e-16,519.140625,0.0,31.15284576416014,7.105427357601002e-15,-0.07333414554595946,0.021194914008571784,0.0002835449218749897,0.0,-0.07305060062408447,0.021194914008571784,-0.08641204833984373,0.021205021784530906,-0.02655334472656249,0.006750443442887294,4.430640160620633,0.836115458251462,0.04162902832031249,0.04162902832031249,0.04162902832031249
10.5,5.945566406250001,8.881784197001252e-16,516.38671875,0.0,35.392129440307606,7.105427357601002e-15,-0.08700148105621339,0.026429112294614997,0.0002835449218749897,0.0,-0.0867179361343384,0.026429112294614997,-0.10019233703613281,0.026444171875702693,-0.03302932739257812,0.009424108687607364,3.9244132942253165,1.024216525442192,0.04810501098632812,0.04810501098632812,0.04810501098632812
11.0,6.30984375,0.0,515.625,0.0,39.88056884765626,7.105427357601002e-15,-0.09261641025543213,0.027663279396330086,0.0002835449218749897,0.0,-0.09233286533355714,0.027663279396330086,-0.10580154418945312,0.027684494280694742,-0.035380859375,0.009657054096062507,3.616962566242359,1.0817192264822368,0.05045654296875,0.05045654296875,0.05045654296875
11.5,6.673359374999999,8.881784197001252e-16,513.9453125,0.0,44.578597412109374,7.105427357601002e-15,-0.09578728199005127,0.02913301212594901,0.0002835449218749897,0.0,-0.09550373706817628,0.02913301212594901,-0.10894920349121093,0.0291671404023876,-0.03646377563476562,0.010251387285591898,3.3828150253473788,1.1089947963849267,0.05153945922851562,0.05153945922851562,0.05153945922851562
12.0,7.036875,8.881784197001252e-16,508.4375,0.0,49.537177734375,7.105427357601002e-15,-0.10040491580963135,0.033908469189742406,0.0002835449218749897,0.0,-0.10012137088775636,0.033908469189742406,-0.113607177734375,0.03387456043686671,-0.03824951171874999,0.013084045045572189,3.142515240293572,1.2494274339494928,0.05332519531249999,0.05332519531249999,0.05332519531249999
12.5,7.3955078125,0.0,502.9296875,0.0,54.75397491455078,0.0,-0.10961925983428955,0.03318914565970824,0.0002835449218749897,0.0,-0.10933571491241456,0.03318914565970824,-0.12279510498046875,0.0331852414200345,-0.0423431396484375,0.012225023361682998,2.717327126812006,1.1664907022520092,0.0574188232421875,0.0574188232421875,0.0574188232421875
13.0,7.7509375,0.0,494.84375,0.0,60.13230712890624,7.105427357601002e-15,-0.11444574832916259,0.03178117452148758,0.0002835449218749897,0.0,-0.1141622034072876,0.03178117452148758,-0.12760299682617188,0.0317905938422171,-0.044184265136718755,0.01121313023390094,2.3088856232472073,1.0136046106664447,0.059259948730468755,0.059259948730468755,0.059259948730468755
13.5,8.102890625,0.0,483.828125,0.0,65.66476074218748,1.4210854715202004e-14,-0.11381502628326416,0.03156949185011432,0.0002835449218749897,0.0,-0.11353148136138917,0.03156949185011432,-0.12697708129882812,0.031595347163348816,-0.043230438232421876,0.011423862523380785,1.9514687633736714,0.7563792328494278,0.058306121826171876,0.058306121826171876,0.058306121826171876
14.0,8.444374999999999,0.0,472.8125,0.0,71.35260986328124,0.0,-0.11696695804595945,0.033236869539708405,0.0002835449218749897,0.0,-0.11668341312408446,0.033236869539708405,-0.13022583007812502,0.033292192128912,-0.0441986083984375,0.012583502440376777,1.691710287596519,0.7620022994320049,0.0592742919921875,0.0592742919921875,0.0592742919921875
14.5,8.77890625,0.0,465.2734375,0.0,77.12346191406249,0.0,-0.12325933933258056,0.032248911585305066,0.0002835449218749897,0.0,-0.12297579441070557,0.032248911585305066,-0.1364690399169922,0.03228913972116093,-0.046728515625,0.011913886412898316,1.642969127023692,0.6694363532218408,0.061525336108082106,0.06165935045020885,0.061731774834479426
15.0,9.108203125000001,1.7763568394002505e-15,458.59375,0.0,82.98645324707032,0.0,-0.12931063175201415,0.03134260787210933,0.0002835449218749897,0.0,-0.12902708683013916,0.03134260787210933,-0.1424224853515625,0.031338920296989564,-0.04911346435546874,0.01110355806216784,1.681201997058929,0.8017147697474927,0.06356366427945018,0.06386425704657099,0.06402670249789487
15.5,9.4331640625,0.0,447.578125,0.0,89.01092437744138,1.4210854715202004e-14,-0.12768087863922117,0.03506081536747986,0.0002835449218749897,0.0,-0.12739733371734618,0.03506081536747986,-0.14083038330078124,0.03505111915767091,-0.04758590698242188,0.012775311302517042,1.5850620225315044,0.8919372151721019,0.06162540104211475,0.06212337319810843,0.06239248188714015
16.0,9.749375,0.0,436.5625,0.0,95.09917480468752,1.4210854715202004e-14,-0.13402353763580324,0.03515513141379571,0.0002835449218749897,0.0,-0.13373999271392825,0.03515513141379571,-0.14721923828125003,0.0351608482744517,-0.050091552734375,0.012231878946806664,1.7457875783071157,0.8366339681180396,0.06365975056980185,0.06438422539311282,0.06477573086061891
16.5,10.0591796875,0.0,423.4765625,0.0,101.22305755615236,0.0,-0.13964849948883057,0.03506032350863489,0.0002835449218749897,0.0,-0.13936495456695558,0.03506032350863489,-0.15284812927246094,0.035087852643814865,-0.05222625732421875,0.011899141375830044,1.9131610221240427,1.028571345243666,0.06526676633430246,0.0662448535713121,0.06677339724464043
17.0,10.362109375000001,0.0,406.953125,0.0,107.37868347167968,1.4210854715202004e-14,-0.1406543207168579,0.03610583843281976,0.0002835449218749897,0.0,-0.14037077579498292,0.03610583843281976,-0.15378402709960937,0.03611234559227529,-0.05201110839843749,0.012814906042671211,1.9811410614938427,1.2611613719981114,0.06447350160192923,0.06572944896554732,0.0664081204788674
17.5,10.649218750000001,1.7763568394002505e-15,395.703125,0.0,113.44206542968752,1.4210854715202004e-14,-0.14418871402740477,0.034852481930476215,0.0002835449218749897,0.0,-0.14390516910552978,0.034852481930476215,-0.1573823928833008,0.03480889572650844,-0.05303192138671875,0.011527930915166372,1.64551279205821,1.034020151290028,0.06487007983115867,0.06642606913101072,0.06726683705573974
18.0,10.9296875,0.0,381.71875,0.0,119.4940185546875,0.0,-0.1496735620498657,0.03280454427210523,0.0002835449218749897,0.0,-0.14939001712799072,0.03280454427210523,-0.16293136596679686,0.03277112151805911,-0.05502380371093749,0.010125699218548402,1.4074671462977235,0.7160280251496819,0.06619610372808005,0.0680721621699504,0.06908582473731895
18.5,11.2030859375,0.0,365.859375,0.0,125.5196206665039,0.0,-0.15599894046783447,0.031492716842639885,0.0002835449218749897,0.0,-0.15571539554595948,0.031492716842639885,-0.16929969787597657,0.03151897091289686,-0.05742568969726562,0.00961317920277044,1.2240577466560203,0.4210153808398562,0.06789343992817752,0.07010819509004511,0.07130478419053037
19.0,11.461953124999997,1.7763568394002505e-15,354.84375,0.0,131.39873718261717,0.0,-0.1569886255264282,0.03719181444316895,0.0002835449218749897,0.0,-0.1567050806045532,0.03719181444316895,-0.17021408081054687,0.03714731162296265,-0.057102966308593746,0.012698504761842411,0.7185079223348304,0.674981411561892,0.06683267442237836,0.0694022624152369,0.07079045615879033
19.5,11.713085937499999,0.0,343.82812500000006,0.0,137.227278137207,0.0,-0.16018003940582276,0.03722022498232504,0.0002835449218749897,0.0,-0.15989649448394774,0.03722022498232504,-0.17336040496826172,0.03718461416012148,-0.057882995605468744,0.012510891620993276,0.28783767095535023,0.8995983216751111,0.06684664544340588,0.06978457796656334,0.07137162858289105
20.0,11.957812500000001,1.7763568394002505e-15,329.68750000000006,0.0,143.00733642578123,0.0,-0.1626331567764282,0.03588589662896262,0.0002835449218749897,0.0,-0.1623496118545532,0.03588589662896262,-0.17578277587890628,0.03588844114346196,-0.05830078125000001,0.01167477303392562,-0.05205772417686144,1.0301269593884153,0.06647568972898733,0.06979292857268657,0.07158469670821829
20.5,12.1946484375,0.0,307.65625,0.0,148.71915313720703,0.0,-0.16086355686187745,0.03581569304848622,0.0002835449218749897,0.0,-0.16058001194000246,0.03581569304848622,-0.1739862823486328,0.035858953379635176,-0.056622619628906246,0.011609889852542575,-0.242958513451065,0.7959662316774643,0.06398989429343462,0.06769558941174121,0.06969694631719874
21.0,12.412421875,0.0,299.921875,0.0,154.09030212402345,0.0,-0.16272867679595948,0.035497333448077234,0.0002835449218749897,0.0,-0.1624451318740845,0.035497333448077234,-0.17587570190429688,0.035540642069732134,-0.056712951660156254,0.010906174004837864,-0.8436438642737465,0.5642005130813305,0.06325646082858657,0.0673584442949402,0.06957353977442322
21.5,12.624765624999998,1.7763568394002505e-15,289.4921875,0.0,159.4037243652344,2.842170943040401e-14,-0.16278543949127194,0.034536703693329805,0.0002835449218749897,0.0,-0.16250189456939695,0.034536703693329805,-0.1759599304199219,0.034565396439560164,-0.055944366455078116,0.010373512279487965,-1.464553335051992,0.6639237243447925,0.06165034585634735,0.06615532437091884,0.06858768720987349
22.0,12.833593750000002,1.7763568394002505e-15,272.96875,0.0,164.70259399414064,2.842170943040401e-14,-0.15998316287994382,0.032703867177253126,0.0002835449218749897,0.0,-0.15969961795806883,0.032703867177253126,-0.17317840576171875,0.03269796429069886,-0.053811035156250006,0.010091671673599962,-2.017429591892481,0.7355809260738501,0.05867247051467943,0.0635839210029391,0.06623531987646955
22.5,13.0263671875,0.0,256.4453125,0.0,169.7011489868164,0.0,-0.15994551181793212,0.03490445967468305,0.0002835449218749897,0.0,-0.15966196689605713,0.03490445967468305,-0.1731353759765625,0.03494766579865679,-0.0530364990234375,0.010617404898325812,-2.0887948416329842,0.8246778698312228,0.057051161490692046,0.06237027077345924,0.06524122669532337
23.0,13.2090625,0.0,243.28125000000003,0.0,174.49465087890624,0.0,-0.16089861392974855,0.035470094819272484,0.0002835449218749897,0.0,-0.16061506900787353,0.03547009481927249,-0.17407981872558595,0.035510905851812935,-0.05274749755859374,0.010339159746355507,-2.1236983434859544,0.8603347248015375,0.05591806923263687,0.06164367399767805,0.0647334275750109
23.5,13.383203124999998,1.7763568394002505e-15,231.21093750000003,2.842170943040401e-14,179.11654052734372,2.842170943040401e-14,-0.16132456302642822,0.035315548427431724,0.0002835449218749897,0.0,-0.16104101810455324,0.035315548427431724,-0.17365507125854496,0.03589153858557774,-0.052192230224609386,0.009917420724778317,-2.1392350986009556,0.8866901513002143,0.05451910254416827,0.06065115633404951,0.06395953507620444
24.0,13.548437500000002,3.552713678800501e-15,214.68750000000003,2.842170943040401e-14,183.56754150390623,0.0,-0.15684946537017824,0.03576186451382681,0.0002835449218749897,0.0,-0.15656592044830325,0.03576186451382681,-0.16478286743164067,0.041824988328777846,-0.049201660156250014,0.010525895056190346,-2.171457286203379,0.8309831988683056,0.050691178521755836,0.05722678312640814,0.06075206343820407
24.5,13.7008984375,0.0,206.67968750000003,0.0,187.72565155029295,0.0,-0.1516092920303345,0.037657001757280796,0.0002835449218749897,0.0,-0.1513257471084595,0.037657001757280796,-0.14150624275207532,0.0467951126229753,-0.04589508056640627,0.011527779096690045,-2.008708073542668,0.9391823062788665,0.04655901974400536,0.05349267693108309,0.05723172054561968
25.0,13.84765625,0.0,197.26562500000003,2.842170943040401e-14,191.76531982421875,0.0,-0.14836275577545166,0.03732880583716651,0.0002835449218749897,0.0,-0.14807921085357664,0.03732880583716651,-0.12403249740600585,0.05054036686316449,-0.043609619140625,0.01123950428915764,-1.887297018980373,1.1562609372487103,0.04346434086080519,0.050788360782161125,0.05473683175826806
25.5,13.990859375,0.0,180.7421875,0.0,195.74591918945313,0.0,-0.14915342807769777,0.033151402203185514,0.0002835449218749897,0.0,-0.14886988315582278,0.033151402203185514,-0.12481644630432129,0.04596308499223608,-0.0433514404296875,0.00930241559924277,-1.9452969566647704,1.334066085257303,0.04240955909934947,0.05011806199172839,0.05427259300758295
26.0,14.11859375,0.0,169.375,0.0,199.3419348144531,0.0,-0.15254740238189696,0.03159523579020806,0.0002835449218749897,0.0,-0.15226385746002197,0.03159523579020806,-0.12409606933593752,0.036843941893140546,-0.0444427490234375,0.008403994274431987,-1.828008620611173,1.0859756038598567,0.04271864136392065,0.05080490794751448,0.055161670282350986
26.5,14.239570312500003,3.552713678800501e-15,158.359375,0.0,202.7716012573242,2.842170943040401e-14,-0.1508863687515259,0.030251289246205525,0.0002835449218749897,0.0,-0.1506028238296509,0.030251289246205525,-0.11801973342895507,0.031171123344476737,-0.0430084228515625,0.007858275324256606,-1.576396524211469,0.8879215053193327,0.040523748598741874,0.04897756914791624,0.05353083779661437
27.0,14.354140625,0.0,147.34375000000003,0.0,206.04278747558595,2.842170943040401e-14,-0.14539209842681883,0.028723957945642822,0.0002835449218749897,0.0,-0.14510855350494384,0.028723957945642822,-0.10853610992431642,0.02873913227530341,-0.039659118652343756,0.007056131096664643,-1.2480483688674502,1.0171689851500618,0.03643551073545677,0.04524669777492798,0.04999075001051087
27.5,14.458789062500001,1.7763568394002505e-15,136.32812500000003,0.0,209.06042327880863,2.842170943040401e-14,-0.14934008121490477,0.032283462826355865,0.0002835449218749897,0.0,-0.14905653629302978,0.032283462826355865,-0.11253519058227539,0.03227837511393888,-0.041057586669921875,0.008241614483116846,-1.2576523360672474,0.7976278276158953,0.03712145555231333,0.046277530695251194,0.05120540047946153
28.0,14.555937499999999,0.0,125.31250000000001,1.4210854715202004e-14,211.87971923828124,0.0,-0.14812815189361572,0.03245425853895054,0.0002835449218749897,0.0,-0.14784460697174073,0.03245425853895054,-0.1113304138183594,0.03246202361724809,-0.039892578125,0.008166064149337862,-1.3131991299715984,0.6380689984018355,0.03527572415624636,0.04476162345065459,0.049864942584702296
28.5,14.646679687499999,0.0,115.74218750000001,1.4210854715202004e-14,214.52729644775394,5.684341886080802e-14,-0.14469793796539304,0.03301490687040862,0.0002835449218749897,0.0,-0.1444143930435181,0.03301490687040862,-0.10788745880126954,0.033041972868767526,-0.03761627197265626,0.008457823726138137,-1.4184709028764382,0.7582323773777654,0.03235029514548846,0.042151055596396536,0.047421505581401395
29.0,14.729296875000001,1.7763568394002505e-15,110.23437500000001,1.4210854715202004e-14,216.95353088378903,2.842170943040401e-14,-0.14183107852935795,0.03880490817943796,0.0002835449218749897,0.0,-0.14154753360748296,0.03880490817943796,-0.10500984191894533,0.03881810423381793,-0.035593872070312504,0.011236837074188816,-1.6029774058948978,0.9986652316036104,0.029703549836260022,0.039807488618668535,0.04523852214136553
29.5,14.807265625,0.0,100.07812500000001,0.0,219.25799804687497,2.842170943040401e-14,-0.14571897983551022,0.03559874677087715,0.0002835449218749897,0.0,-0.14543543491363523,0.03559874677087715,-0.10891422271728513,0.035580368767433236,-0.03705780029296875,0.008917512731426403,-1.4487258093062603,0.8647153968741771,0.030566108615951316,0.04096241048551965,0.046547947186119196
30.0,14.879687500000001,1.7763568394002505e-15,89.06249999999999,0.0,221.40694580078122,2.842170943040401e-14,-0.14515879154205322,0.03347049715654758,0.0002835449218749897,0.0,-0.14487524662017823,0.03347049715654758,-0.1083526611328125,0.0334491695781018,-0.03626403808593749,0.007733902748217019,-1.4160725342365978,0.683954494084173,0.029202040187202866,0.03987600825330515,0.045607864966496325
30.5,14.945703124999998,1.7763568394002505e-15,78.125,0.0,223.37407226562502,2.842170943040401e-14,-0.13698214054107666,0.034397357044679215,0.0002835449218749897,0.0,-0.13669859561920167,0.03439735704467921,-0.10014404296875001,0.03442413394196935,-0.03159088134765625,0.008969140358107421,-1.6330436226371257,0.7039115918760356,0.023989381394498698,0.0349264437878187,0.040796504364612476
31.0,15.000781250000001,1.7763568394002505e-15,78.125,0.0,225.02469482421878,2.842170943040401e-14,-0.1392089319229126,0.03722599741071062,0.0002835449218749897,0.0,-0.1389253870010376,0.03722599741071062,-0.102381591796875,0.03722429263088603,-0.032322387695312496,0.009878901416389725,-1.9787362905649055,0.9138089968522308,0.024215826781768524,0.0353996631169882,0.041398867203025345
31.5,15.055859374999999,1.7763568394002505e-15,68.39843750000001,1.4210854715202004e-14,226.68038330078122,2.842170943040401e-14,-0.14006475925445558,0.037316827887903685,0.0002835449218749897,0.0,-0.1397812143325806,0.037316827887903685,-0.10325450897216798,0.037329637898763465,-0.032319335937500006,0.01011251923661825,-2.1737060902557865,1.0279781619482897,0.023748338095931475,0.035159655767290104,0.04127733764927005
32.0,15.108125,0.0,54.6875,0.0,228.2557568359375,0.0,-0.1390040063858032,0.03554341877897391,0.0002835449218749897,0.0,-0.13872046146392822,0.03554341877897391,-0.10220977783203126,0.0355868352916517,-0.031326904296875006,0.009590856106342424,-2.3087052921037525,1.1316327862973792,0.02232165951611083,0.03394617391785936,0.040174380904242184
32.5,15.146679687499999,1.7763568394002505e-15,54.6875,0.0,229.42233734130858,2.842170943040401e-14,-0.1332702875137329,0.03578767463691172,0.0002835449218749897,0.0,-0.13298674259185791,0.03578767463691172,-0.09646530151367187,0.035822124902047295,-0.028013610839843738,0.00923169134387815,-2.664804347467312,0.9863722281733794,0.018609173532206643,0.03043025965602798,0.036759777044810864
33.0,15.185234374999997,3.552713678800501e-15,50.54687500000001,0.0,230.5920880126953,0.0,-0.13219477176666258,0.03465474682404769,0.0002835449218749897,0.0,-0.1319112268447876,0.03465474682404769,-0.09536689758300781,0.03468064020100008,-0.027061767578125,0.00846537717820487,-2.61929776562954,0.9484406338667406,0.01729637353301708,0.029295874164386095,0.03571666266813055
33.5,15.221953125,0.0,43.20312500000004,7.105427357601002e-15,231.708251953125,0.0,-0.12891016483306889,0.03558589334254939,0.0002835449218749897,0.0,-0.1286266199111939,0.03558589334254939,-0.09206077575683597,0.035607874016568515,-0.025025024414062524,0.009270213187653567,-2.473825663675506,0.9541293595053861,0.014927272063163716,0.027091652865150754,0.03359618043648164
34.0,15.254999999999999,1.7763568394002505e-15,32.18749999999999,0.0,232.71514892578125,0.0,-0.1181312036514282,0.03839309700994688,0.0002835449218749897,0.0,-0.1178476587295532,0.03839309700994688,-0.08127105712890624,0.038422435893259575,-0.01925903320312499,0.010291722129885973,-2.3936337913388765,0.8408760369673892,0.00885720382349086,0.021173078602243732,0.027753897699559365
34.5,15.27796875,0.0,31.25,0.0,233.41655273437502,2.842170943040401e-14,-0.12080122470855713,0.037721875046910276,0.0002835449218749897,0.0,-0.12051767978668214,0.037721875046910276,-0.08396476745605466,0.037728592447860254,-0.020323333740234366,0.010264740523274663,-2.361229138496614,0.37691340093543985,0.009651303536869667,0.022102593196351425,0.028750805265167895
35.0,15.299999999999999,1.7763568394002505e-15,28.51562500000003,0.0,234.09022216796873,0.0,-0.1193870782852173,0.03679927957583102,0.0002835449218749897,0.0,-0.11910353336334231,0.03679927957583102,-0.08255615234375004,0.03678237128574265,-0.019331359863281272,0.009523579171412364,-2.2394175851817653,0.41647827778689617,0.008437539703391225,0.021001175237026812,0.027704109347029042
35.5,15.321601562500003,3.552713678800501e-15,23.007812500000004,3.552713678800501e-15,234.75150299072266,0.0,-0.11331049442291259,0.036798020727370095,0.0002835449218749897,0.0,-0.1130269495010376,0.036798020727370095,-0.07646385192871093,0.03675953385695866,-0.01598861694335937,0.008938757469456503,-2.025901065284007,0.6202053706744802,0.004893670623080278,0.017559900614922352,0.024312100576015863
36.0,15.338125000000002,1.7763568394002505e-15,17.500000000000043,0.0,235.2581787109375,0.0,-0.1160859155654907,0.03861869106035776,0.0002835449218749897,0.0,-0.1158023706436157,0.03861869106035776,-0.07922851562499998,0.038612305894649666,-0.017128906249999992,0.010050868354594846,-1.8536063952323765,0.7416562962918055,0.005858348346979361,0.01861508594404604,0.025409837893898016
36.5,15.351015625,0.0,11.992187500000036,0.0,235.6537414550781,2.842170943040401e-14,-0.11411633014678958,0.03695447213656868,0.0002835449218749897,0.0,-0.11383278522491459,0.03695447213656868,-0.07726058959960941,0.036942311157541395,-0.015941925048828142,0.00904515981263416,-1.8058687934786664,0.9041870418331727,0.004532528738111899,0.017362274171647835,0.02418994140711299
37.0,15.360703125,0.0,9.140624999999986,0.0,235.9512091064453,0.0,-0.1105206537246704,0.034704791428856,0.0002835449218749897,0.0,-0.11023710880279541,0.034704791428856,-0.07368789672851564,0.034698560528101295,-0.01395843505859375,0.007568163463148809,-1.919484883199498,1.0672053798288506,0.002446396377136534,0.015331912371339068,0.02218301551184141
37.5,15.3662109375,0.0,14.648437500000012,1.7763568394002505e-15,236.12044525146484,0.0,-0.10951483249664307,0.036461329604928906,0.0002835449218749897,0.0,-0.10923128757476808,0.036461329604928906,-0.07275199890136719,0.0365024611578894,-0.013248443603515625,0.008333414633517007,-2.33857392709017,1.0962878447510715,0.0016631051506452964,0.014590437457815148,0.021457282327540385
38.0,15.37625,0.0,6.562500000000027,1.7763568394002505e-15,236.42912353515618,5.684341886080802e-14,-0.10578318119049074,0.03641071808402984,0.0002835449218749897,0.0,-0.10549963626861575,0.03641071808402984,-0.0690106201171875,0.036434058095329395,-0.011157836914062505,0.007832130731155375,-2.6191558482207933,0.9095959436331021,-0.0004739378898974099,0.012482438936262198,0.01935797972203735
38.5,15.3828125,0.0,0.0,0.0,236.63092041015625,0.0,-0.10134012699127198,0.036218452479151224,0.0002835449218749897,0.0,-0.101056582069397,0.036218452479151224,-0.0645341491699219,0.03622826015001204,-0.00874359130859376,0.007404661841015011,-2.7874837666402654,0.8782760593365138,-0.002899724999310259,0.010069056026689489,0.016944165464516624
39.0,15.3828125,0.0,0.0,0.0,236.63092041015625,0.0,-0.0967144250869751,0.036101018812573146,0.0002835449218749897,0.0,-0.09643088016510011,0.036101018812573146,-0.05986541748046875,0.036127525003288016,-0.0062908935546875005,0.00718601976058502,-2.8343751991823383,1.0308766063167618,-0.005345720601665813,0.007626812281546278,0.01449669471499189
39.5,15.3828125,0.0,0.0,0.0,236.63092041015625,0.0,-0.09611326694488526,0.03865130044344799,0.0002835449218749897,0.0,-0.09582972202301027,0.03865130044344799,-0.05930076599121094,0.038641978258641636,-0.005937957763671877,0.008500408741678936,-2.517117053478752,0.8606921298209339,-0.005671316568426999,0.007295159008776697,0.014154400183099287
40.0,15.3828125,0.0,0.0,0.0,236.63092041015625,0.0,-0.09000895023345953,0.03869173244952782,0.0002835449218749897,0.0,-0.08972540531158454,0.03869173244952782,-0.05320434570312506,0.03868350952148513,-0.0028198242187500292,0.00845681240864642,-2.188999558384323,0.6729507107518046,-0.00872827825313106,0.004215986360661174,0.011055747086580602
40.5,15.3828125,0.0,0.0,0.0,236.63092041015625,0.0,-0.08163078784942628,0.03849177424408634,0.0002835449218749897,0.0,-0.08134724292755129,0.03849177424408634,-0.04481399536132812,0.0385044025908777,0.0014332580566406268,0.00888203234164414,-1.8814362568177234,0.5926274771431238,-0.012896712856417315,1.4146145579247912e-05,0.00682828584134431
41.0,15.3828125,0.0,0.0,0.0,236.63092041015625,0.0,-0.08448957920074465,0.04116418613255108,0.0002835449218749897,0.0,-0.08420603427886966,0.04116418613255108,-0.04767547607421875,0.041193997140881206,-8.239746093753565e-06,0.00968436974570393,-1.715811704977975,0.6115305888147003,-0.011348106343120364,0.0015186319186960093,0.008301277629269882
41.5,15.3828125,0.0,0.0,0.0,236.63092041015625,0.0,-0.08211770534515381,0.04334579096772664,0.0002835449218749897,0.0,-0.08183416042327882,0.04334579096772664,-0.0453033447265625,0.04337001245516118,0.0011749267578124993,0.010509217054948018,-1.4342546796465354,0.5681409508558771,-0.01240203765655503,0.0004100177898760417,0.007155387312906771
42.0,15.3828125,0.0,0.0,0.0,236.63092041015625,0.0,-0.08001108646392821,0.04379226097765732,0.0002835449218749897,0.0,-0.07972754154205322,0.04379226097765732,-0.04319580078124999,0.04381252045025533,0.002218627929687505,0.010601910842620613,-1.1929264379825941,0.6348883288121876,-0.013294776851551771,-0.0005477860341938576,0.006154634814934319
42.5,15.3828125,0.0,0.0,0.0,236.63092041015625,0.0,-0.08274347782135011,0.04078220235058889,0.0002835449218749897,0.0,-0.08245993289947512,0.04078220235058889,-0.04592819213867188,0.040806825355571674,0.0008201599121093741,0.009144537639279601,-1.1345754414449463,0.9499036261626903,-0.011723976106796296,0.0009477300862371328,0.00760162688393888
43.0,15.3828125,0.0,0.0,0.0,236.63092041015625,0.0,-0.08161983966827394,0.03932081597242142,0.0002835449218749897,0.0,-0.08133629474639895,0.03932081597242142,-0.044786529541015634,0.03933918129103772,0.0013250732421874972,0.007790353450908525,-0.9927097845188724,0.9457415639189357,-0.012038251543305836,0.0005494152389718659,0.007150012795267184
43.5,15.3828125,0.0,0.0,0.0,236.63092041015625,0.0,-0.07782698154449465,0.03867554443551724,0.0002835449218749897,0.0,-0.07754343662261966,0.03867554443551724,-0.04100097656250003,0.03868043074946436,0.0032118225097656095,0.0076265729264193135,-1.0535436243444125,0.9117555964688597,-0.013724076452484938,-0.0012253604284921654,0.0053192503277461126
44.0,15.3828125,0.0,0.0,0.0,236.63092041015625,0.0,-0.0720050287246704,0.03942148774645828,0.0002835449218749897,0.0,-0.07172148380279542,0.03942148774645828,-0.035213623046874996,0.039418751368712396,0.006160888671875001,0.009399735482405181,-1.328605883049248,0.8055974541470662,-0.01645333305736321,-0.004052617101439527,0.0024310889102177368
44.5,15.3828125,0.0,0.0,0.0,236.63092041015625,0.0,-0.07303236484527588,0.038572910494797365,0.0002835449218749897,0.0,-0.07274881992340089,0.038572910494797365,-0.03622482299804687,0.03857323343581868,0.005558471679687505,0.0071251331429840695,-1.2607010705765629,0.7907525193103262,-0.015610894079807924,-0.003317872410092206,0.0030996697519851454
45.0,15.3828125,0.0,0.0,0.0,236.63092041015625,0.0,-0.07176029682159427,0.0359762092436666,0.0002835449218749897,0.0,-0.07147675189971928,0.0359762092436666,-0.034942626953125014,0.03599325770684637,0.006123352050781242,0.0061054011293572965,-1.0754903157552094,0.8574705606596934,-0.015916017005355984,-0.003740162786399104,0.0026060843782848278
45.5,15.3828125,0.0,0.0,0.0,236.63092041015625,0.0,-0.06921346664428711,0.03380050219041406,0.0002835449218749897,0.0,-0.06892992172241212,0.03380050219041406,-0.032377395629882816,0.0338234358686548,0.007321319580078122,0.006184078445087147,-0.8333989567967794,0.9624304264861621,-0.016855589274979828,-0.004796250732106563,0.0014790566407826573
46.0,15.3828125,0.0,0.0,0.0,236.63092041015625,0.0,-0.06676681995391845,0.03861537861457692,0.0002835449218749897,0.0,-0.06648327503204346,0.03861537861457692,-0.029870910644531245,0.03862200425617957,0.008418579101562504,0.008272178084863241,-0.6253464349777776,1.0679999757387806,-0.017677411726029893,-0.005742781272525214,0.0004571616098311415
46.5,15.3828125,0.0,0.0,0.0,236.63092041015625,0.0,-0.06601855278015138,0.04095427920687529,0.0002835449218749897,0.0,-0.06573500785827639,0.04095427920687529,-0.02914039611816406,0.040939415137680554,0.008653717041015625,0.008220942389714735,-0.15465831978893504,1.0125146246576426,-0.01761276387268105,-0.005814548912888242,0.0003037088199230667
47.0,15.3828125,0.0,0.0,0.0,236.63092041015625,0.0,-0.0651996672153473,0.042075010066560836,0.0002835449218749897,0.0,-0.06491612229347231,0.042075010066560836,-0.02835144042968751,0.04205468622105239,0.008930664062499996,0.00869366991375058,0.15623363859447803,0.8818675353103635,-0.017592028605571138,-0.005929242223596998,0.00010788865382650205
47.5,15.3828125,0.0,0.0,0.0,236.63092041015625,0.0,-0.06358899176120758,0.04210361085404903,0.0002835449218749897,0.0,-0.06330544683933259,0.04210361085404903,-0.02675933837890625,0.042125818987670455,0.009619140625,0.010388252625645066,0.10482859222483468,0.8489540269275899,-0.017977076063450795,-0.006452503610035414,-0.0004979803206427071
48.0,15.3828125,0.0,0.0,0.0,236.63092041015625,0.0,-0.07133825778961177,0.03959885102207798,0.0002835449218749897,0.0,-0.07105471286773678,0.03959885102207798,-0.03450561523437495,0.039611950532894805,0.005596923828125021,0.00805435046389021,-0.06583971854967832,0.7077318254615186,-0.013639723179141482,-0.0022590164104668038,0.003609871677579088
48.5,15.3828125,0.0,0.0,0.0,236.63092041015625,0.0,-0.06989504337310797,0.040533491302241126,0.0002835449218749897,0.0,-0.06961149845123298,0.040533491302241126,-0.03307243347167974,0.040543349055594854,0.00621871948242185,0.00876616791408692,-0.22006446109229727,0.4556732204454756,-0.013927928060712599,-0.002699986026876204,0.003078489042225974
49.0,15.3828125,0.0,0.0,0.0,236.63092041015625,0.0,-0.0626235246658325,0.04364756305910414,0.0002835449218749897,0.0,-0.06233997974395751,0.04364756305910414,-0.025817108154296855,0.043641675059007776,0.00978698730468751,0.011210417901601887,-0.3491250062600264,0.4479396915608206,-0.017163603020979683,-0.006087989507951047,-0.00039964660944427806
49.5,15.3828125,0.0,0.0,0.0,236.63092041015625,0.0,-0.06968982219696039,0.040965753851385386,0.0002835449218749897,0.0,-0.0694062772750854,0.040965753851385386,-0.032863235473632756,0.04095818145789261,0.00612945556640628,0.008659229030836388,-0.4245274328129579,0.4824137379302448,-0.013171089703279711,-0.00224899680508653,0.003348615611128595
50.0,15.3828125,0.0,0.0,0.0,236.63092041015625,0.0,-0.06637299060821539,0.04206446059730082,0.0002835449218749897,0.0,-0.0660894456863404,0.04206446059730082,-0.029556274414062552,0.04207174117638614,0.007690429687499974,0.008998080870206213,-0.4237248347355763,0.4753604473821308,-0.014389483020577793,-0.003624606962881083,0.0018803234716844716
50.5,15.3828125,0.0,0.0,0.0,236.63092041015625,0.0,-0.06126163482666015,0.0430683479276889,0.0002835449218749897,0.0,-0.06097808990478516,0.0430683479276889,-0.024460067749023436,0.043084258207122444,0.010146026611328126,0.009888685971541427,-0.3746379505504249,0.676726638488583,-0.01649508578442344,-0.005891039816017137,-0.0004806914167976321
51.0,15.3828125,0.0,0.0,0.0,236.63092041015625,0.0,-0.06215651988983154,0.03860587122463915,0.0002835449218749897,0.0,-0.06187297496795655,0.03860587122463915,-0.025352935791015625,0.038613089812491105,0.009565124511718748,0.007551709318628099,-0.28398953951322436,0.834950272067556,-0.015556928912048107,-0.0051172572539432415,0.00019665091404400415
51.5,15.3828125,0.0,0.0,0.0,236.63092041015625,0.0,-0.0592484760284424,0.040719209660908015,0.0002835449218749897,0.0,-0.05896493110656741,0.040719209660908015,-0.02244522094726563,0.040730822437053046,0.010861053466796871,0.008156538853552305,0.07249952196240571,0.9229249965103783,-0.016493505700237106,-0.006219275039647598,-0.0010023224563472342
52.0,15.3828125,0.0,0.0,0.0,236.63092041015625,0.0,-0.05906912326812742,0.04323739429626754,0.0002835449218749897,0.0,-0.05878557834625243,0.04323739429626754,-0.02225280761718748,0.04326631749340464,0.01079101562500001,0.008988434247733596,0.362109204272288,1.0103819710346262,-0.016077933635644436,-0.005962567247430104,-0.0008389496393400569
52.5,15.3828125,0.0,0.0,0.0,236.63092041015625,0.0,-0.06277222633361816,0.044751107932621964,0.0002835449218749897,0.0,-0.06248868141174317,0.044751107932621964,-0.025927734375000004,0.044793401489211744,0.00878448486328125,0.009350865188094092,0.5218612564193714,1.1248609091688895,-0.013713753125739282,-0.0037631304319806188,0.0012640341492440648
53.0,15.3828125,0.0,0.0,0.0,236.63092041015625,0.0,-0.06456939220428465,0.03900088457039303,0.0002835449218749897,0.0,-0.06428584728240966,0.03900088457039303,-0.027734985351562488,0.03902884292204916,0.0077947998046875066,0.006584264987475511,0.6112308102054318,1.2242251590505557,-0.012357378541925486,-0.0025759049748964825,0.0023524894070830055
53.5,15.3828125,0.0,0.0,0.0,236.63092041015625,0.0,-0.06597908973693847,0.03831251567778961,0.0002835449218749897,0.0,-0.06569554481506348,0.03831251567778961,-0.029170532226562493,0.03831282730180537,0.00697769165039063,0.006588340430577436,0.678954758010552,1.2744831648068937,-0.011177180730267048,-0.0015631957175686433,0.0032673981128953635
54.0,15.3828125,0.0,0.0,0.0,236.63092041015625,0.0,-0.0669498872756958,0.039348418944525856,0.0002835449218749897,0.0,-0.06666634235382081,0.039348418944525856,-0.030170288085937497,0.0393288224982138,0.0063787841796875,0.007098925083980008,0.6443235312864226,1.2987691003925106,-0.010218748129404228,-0.000770607400824342,0.003963146006619078
54.5,15.3828125,0.0,0.0,0.0,236.63092041015625,0.0,-0.0671199893951416,0.03591361372273654,0.0002835449218749897,0.0,-0.06683644447326662,0.03591361372273654,-0.030342407226562507,0.03590263754886632,0.006228179931640625,0.005157848834108713,0.2508367080510592,1.1822948840738363,-0.00971214828468953,-0.00042822371216109066,0.004209639974974142
55.0,15.3828125,0.0,0.0,0.0,236.63092041015625,0.0,-0.06546423435211182,0.03646067461512454,0.0002835449218749897,0.0,-0.06518068943023683,0.03646067461512454,-0.028659820556640632,0.03645410931103593,0.006950378417968747,0.005066656725227949,0.029774201221949903,1.026108822286848,-0.010081846057672282,-0.0009605254968023998,0.003582389839489425
55.5,15.3828125,0.0,0.0,0.0,236.63092041015625,0.0,-0.06423067569732666,0.03547048264711807,0.0002835449218749897,0.0,-0.06394713077545167,0.03547048264711807,-0.027411727905273433,0.03547504657064925,0.007451629638671876,0.00437790846101533,-0.13169419793260445,0.9204023100839454,-0.01023405713835104,-0.0012737442715059317,0.003175154841786096
56.0,15.3828125,0.0,0.0,0.0,236.63092041015625,0.0,-0.06465021610260009,0.03051040785023211,0.0002835449218749897,0.0,-0.0643666711807251,0.03051040785023211,-0.027852783203125,0.030523975574563305,0.00712890625,0.0038389900321781365,-0.2737476553394483,0.9722918368508064,-0.009565720209802809,-0.0007648343907332017,0.0035909714765083997
56.5,15.3828125,0.0,0.0,0.0,236.63092041015625,0.0,-0.06309678077697756,0.03770491161859376,0.0002835449218749897,0.0,-0.06281323585510257,0.03770491161859376,-0.02626441955566407,0.0377055486939415,0.007800598144531247,0.00591247617663074,-0.46166408867824904,1.0629871672697273,-0.009895191524954508,-0.0012521676249463484,0.0030114589121362023
57.0,15.3828125,0.0,0.0,0.0,236.63092041015625,0.0,-0.06183292865753173,0.038022934414841614,0.0002835449218749897,0.0,-0.06154938373565674,0.038022934414841614,-0.02498870849609375,0.03803325383670697,0.008317565917968749,0.0056637244863610246,-0.5342784961620427,1.0754575544759015,-0.010073298370105524,-0.001586586625641118,0.0025857655250700667
57.5,15.3828125,0.0,0.0,0.0,236.63092041015625,0.0,-0.06092963218688965,0.033234244953509635,0.0002835449218749897,0.0,-0.06064608726501466,0.033234244953509635,-0.024098587036132813,0.03327145519014234,0.008644866943359374,0.004639328295289895,-0.49253610464242614,1.0165893128562435,-0.010065065135904404,-0.0017331309978190403,0.0023488428262857927
58.0,15.3828125,0.0,0.0,0.0,236.63092041015625,0.0,-0.0599500322341919,0.03482875018103937,0.0002835449218749897,0.0,-0.05966648731231691,0.03482875018103937,-0.023141174316406263,0.034821465104444366,0.009010620117187496,0.004403645156380533,-0.3880960957987363,0.8147202951807189,-0.010098578060232292,-0.001919902044351769,0.002072580716105367
58.5,15.3828125,0.0,0.0,0.0,236.63092041015625,0.0,-0.062091135978698704,0.03511989139588129,0.0002835449218749897,0.0,-0.061807591056823714,0.03511989139588129,-0.025277175903320286,0.03512209699818456,0.007807464599609388,0.0043054031115410014,-0.4845222170814265,0.7281252572263536,-0.00856644396525859,-0.0005395215045030368,0.0033643487448187875
59.0,15.3828125,0.0,0.0,0.0,236.63092041015625,0.0,-0.06276712894439698,0.035546903790612656,0.0002835449218749897,0.0,-0.06248358402252199,0.035546903790612656,-0.025940399169921892,0.035568885962595054,0.00734802246093749,0.005542219350587254,-0.6570128683165848,0.8315424863299485,-0.007781252900777646,9.540580128270144e-05,0.0039115334670476055
59.5,15.3828125,0.0,0.0,0.0,236.63092041015625,0.0,-0.05563494205474852,0.035211620712439475,0.0002835449218749897,0.0,-0.05535139713287353,0.035211620712439475,-0.01880821228027343,0.03523700950602092,0.010833435058593755,0.005295802119914604,-0.7887100895523684,0.9232747454404909,-0.010944114518045464,-0.003216244403894085,0.0005130020656310798
60.0,15.3828125,0.0,0.0,0.0,236.63092041015625,0.0,-0.05487654209136963,0.03633511100577131,0.0002835449218749897,0.0,-0.05459299716949464,0.03633511100577131,-0.0180206298828125,0.036372890245524085,0.01109619140625,0.00553363724825699,-0.9310564516863264,0.9163013611027591,-0.010887486435833971,-0.003306944220865856,0.00033627398331707165
60.5,15.3828125,0.0,-2.3828124999999756,4.440892098500626e-16,236.63092041015625,0.0,-0.05521115779876709,0.0339608954580414,0.0002835449218749897,0.0,-0.0549276128768921,0.0339608954580414,-0.018357315063476563,0.03399064571928926,0.0107763671875,0.004611040921539607,-1.02202284308302,0.9166221390677285,-0.010251413251047373,-0.0028167525864239177,0.0007412819099130402
61.0,15.382734375,0.0,-7.8125,0.0,236.62851745605465,2.842170943040401e-14,-0.05545651435852051,0.026891353069860766,0.0002835449218749897,0.0,-0.05517296943664552,0.026891353069860766,-0.018651885986328127,0.026880766684719448,0.010462646484375,0.003885680783714897,-1.0425128358783198,0.9025364110332248,-0.009624548264211866,-0.002334337000203907,0.001139350054585547
61.5,15.3772265625,0.0,-7.8125,0.0,236.45910919189458,5.684341886080802e-14,-0.05153979539871219,0.029914157835030156,0.0002835449218749897,0.0,-0.0512562504768372,0.029914157835030156,-0.01474693298339846,0.02991919537723338,0.012269897460937488,0.003762680410102641,-1.0179136405180271,0.8522870919482398,-0.011121729160073396,-0.003974549206665566,-0.0005843815369265272
62.0,15.37171875,0.0,-7.8125,0.0,236.28975219726564,2.842170943040401e-14,-0.04829999446868899,0.029759845710855833,0.0002835449218749897,0.0,-0.048016449546814,0.029759845710855833,-0.011482849121093767,0.029759988700146813,0.013718261718749994,0.003464584289263161,-0.8598672648965742,0.9038843898129223,-0.012263067360099767,-0.005257514548963341,-0.001950046336981667
62.5,15.3662109375,0.0,-8.78906249999998,0.0,236.12044525146484,0.0,-0.04614484310150146,0.02893064918466716,0.0002835449218749897,0.0,-0.04586129817962647,0.02893064918466716,-0.009283065795898434,0.02891735074134046,0.014606475830078125,0.00416506074931055,-0.621586690693744,0.9455104736254409,-0.012847269552746178,-0.005981953500566972,-0.0027563728684475495
63.0,15.360703125,0.0,-14.296874999999947,1.7763568394002505e-15,235.9512091064453,0.0,-0.04689114093780517,0.03191092274978123,0.0002835449218749897,0.0,-0.04660759601593018,0.03191092274978123,-0.010003814697265618,0.0319400995284951,0.014025573730468754,0.0042297587758799125,-0.43118741406704925,0.669171680576609,-0.011965340083124703,-0.005238884056272695,-0.002094387096495725
63.5,15.351015625,0.0,-19.804687499999957,0.0,235.6537414550781,2.842170943040401e-14,-0.04468277931213382,0.030781366173394567,0.0002835449218749897,0.0,-0.04439923439025883,0.030781366173394567,-0.007802047729492211,0.030808437230506993,0.014946746826171864,0.0037554248144562818,-0.43912767530321445,0.5733447552462437,-0.012588441057546047,-0.005999481838073555,-0.0029352725352477095
64.0,15.338125000000002,1.7763568394002505e-15,-25.312499999999964,3.552713678800501e-15,235.2581787109375,0.0,-0.04393446445465086,0.02981638552241862,0.0002835449218749897,0.0,-0.04365091953277587,0.02981638552241862,-0.007073974609374974,0.029833560996789705,0.015122070312500015,0.0036563365958628786,-0.429807009396863,0.7469049696280123,-0.012468618659027115,-0.006015806411982528,-0.0030310965653662716
64.5,15.321601562500003,3.552713678800501e-15,-30.820312499999936,7.105427357601002e-15,234.75150299072266,0.0,-0.04783403873443599,0.03160177359840083,0.0002835449218749897,0.0,-0.047550493812561,0.03160177359840083,-0.011000442504882763,0.03161054769842086,0.012927551269531278,0.004263488143041163,-0.26493472652836186,0.8413859601457682,-0.0099818512401701,-0.003663849382214208,-0.0007578585289977429
65.0,15.299999999999999,1.7763568394002505e-15,-36.328125,0.0,234.09022216796873,2.842170943040401e-14,-0.042708581686019896,0.03201324716130344,0.0002835449218749897,0.0,-0.04242503676414491,0.03201324716130344,-0.005871582031250001,0.032027203170490175,0.015295410156250001,0.003232760915810219,-0.1963777697725443,0.5930043317094182,-0.012060330814507131,-0.005875815883819257,-0.0030477712231596283
65.5,15.275195312500001,1.7763568394002505e-15,-39.0625,0.0,233.3319412231445,2.842170943040401e-14,-0.04158762574195863,0.03203526948300255,0.0002835449218749897,0.0,-0.04130408082008364,0.03203526948300255,-0.004759597778320328,0.032035796092091215,0.015633392333984364,0.0028374336566224594,-0.21849892356178516,0.6980858145459726,-0.01211177457716913,-0.00605943610463044,-0.0033085724224324034
66.0,15.247656250000002,1.7763568394002505e-15,-39.99999999999998,0.0,232.4911071777344,2.842170943040401e-14,-0.044475649595260625,0.03228911780505699,0.0002835449218749897,0.0,-0.044192104673385635,0.03228911780505699,-0.0076666259765625095,0.03226555895279044,0.013941040039062496,0.004557217111431816,-0.327959394121497,0.7587044930030507,-0.010135696874800417,-0.004214237256441841,-0.0015397968508771686
66.5,15.220117187499998,1.7763568394002505e-15,-51.015624999999915,0.0,231.65224151611326,2.842170943040401e-14,-0.039924451410770445,0.029675983996858633,0.0002835449218749897,0.0,-0.039640906488895455,0.029675983996858633,-0.0030839538574219116,0.029681140152163436,0.01602798461914061,0.0016872446076088754,-0.5016332239537832,0.7247728406235947,-0.011941701439172264,-0.006149835809874637,-0.003551068417632623
67.0,15.185234374999997,3.552713678800501e-15,-58.359374999999936,7.105427357601002e-15,230.5920880126953,2.842170943040401e-14,-0.03913743495941161,0.029901346056623212,0.0002835449218749897,0.0,-0.03885389003753662,0.029901346056623212,-0.0023022460937499856,0.029922733686740387,0.01620727539062501,0.00239067967670218,-0.5980908231579701,0.653196942475601,-0.011842810241916968,-0.006179266350351063,-0.0036554290736130366
67.5,15.145312500000001,0.0,-63.86718749999993,7.105427357601002e-15,229.38105468749998,2.842170943040401e-14,-0.03912480920553212,0.030251402251867676,0.0002835449218749897,0.0,-0.03884126428365713,0.030251402251867676,-0.0023128509521484846,0.03028166307086891,0.015993499755859352,0.003984619929578474,-0.5907454412856145,0.6251001664048801,-0.011353583609053537,-0.0058171016938478575,-0.0033674589279786057
68.0,15.101249999999997,3.552713678800501e-15,-69.375,0.0,228.04816406250004,2.842170943040401e-14,-0.03575743436813354,0.028834858522660153,0.0002835449218749897,0.0,-0.03547388944625855,0.028834858522660153,0.00103271484375,0.028837171339552343,0.017478027343749997,0.007221139471084115,-0.3859527516754094,0.7482280649638929,-0.01256536435897765,-0.007154697026101883,-0.004778520388050942
68.5,15.052617187500003,1.7763568394002505e-15,-74.88281249999999,0.0,226.58248443603517,0.0,-0.03650016598403453,0.03212783863360454,0.0002835449218749897,0.0,-0.03621662106215954,0.03212783863360454,0.0002810668945312546,0.032123321417394164,0.016855926513671876,0.005249251531480003,-0.1979308584075422,0.6150878206341948,-0.011673194303757926,-0.0063871064051101885,-0.004083674662516032
69.0,15.000781250000001,0.0,-82.6562499999999,1.4210854715202004e-14,225.02469482421878,2.842170943040401e-14,-0.0359973128139973,0.033893692286087906,0.0002835449218749897,0.0,-0.03571376789212231,0.033893692286087906,0.0007820129394530955,0.03390111591508897,0.016863708496093734,0.004410667284659043,-0.1179824508987077,0.8319784871106656,-0.011413558387177308,-0.006250826900363273,-0.004019425901353505
69.5,14.945703124999998,3.552713678800501e-15,-93.67187499999986,1.4210854715202004e-14,223.37407226562502,0.0,-0.032505481466651005,0.031195271455273132,0.0002835449218749897,0.0,-0.032221936544776016,0.031195271455273132,0.004278182983398388,0.03122569535698933,0.018391265869140604,0.005508422562025877,-0.1877679357995482,1.1319253272521241,-0.012676323158736878,-0.007635737068029187,-0.005475659671709895
70.0,14.879687500000001,1.7763568394002505e-15,-104.6875,0.0,221.40694580078122,2.842170943040401e-14,-0.0324961856007576,0.03382531236471657,0.0002835449218749897,0.0,-0.03221264067888261,0.03382531236471657,0.004324340820312501,0.0338135304089059,0.0181243896484375,0.005403041327034358,-0.06392330000728158,1.098625715496578,-0.01214725386096618,-0.00722761403943248,-0.00513816004705999
70.5,14.807265625,0.0,-112.53906250000001,0.0,219.25799804687497,2.842170943040401e-14,-0.033838553205132495,0.03235875257540151,0.0002835449218749897,0.0,-0.033555008283257505,0.03235875257540151,0.0029924774169921816,0.03235038065012138,0.017214355468749998,0.004861232027090248,0.13399279756701757,1.030910234843391,-0.010977600608555195,-0.006177719701343325,-0.0041581957881716616
71.0,14.729296875000001,0.0,-119.76562499999997,2.842170943040401e-14,216.95353088378903,2.842170943040401e-14,-0.03561823010444642,0.029222043382558304,0.0002835449218749897,0.0,-0.03533468518257143,0.029222043382558304,0.001203613281249997,0.029243265643208498,0.01610260009765625,0.004600014952173372,0.32980325338723626,0.9411780912451914,-0.009608774899542396,-0.004927477208311435,-0.0029771968561088423
71.5,14.646679687499999,1.7763568394002505e-15,-136.28906249999986,0.0,214.52729644775397,2.842170943040401e-14,-0.03444726526737214,0.03431554023803742,0.0002835449218749897,0.0,-0.03416372034549715,0.03431554023803742,0.0023654174804687393,0.03432251510975532,0.016425323486328122,0.006260732255876295,0.22298105946787936,0.7705995623844204,-0.009676951663636333,-0.00511307303212218,-0.003231356462350151
72.0,14.551874999999999,1.7763568394002505e-15,-144.68749999999991,0.0,211.76200195312504,0.0,-0.03397117972373963,0.037492327667738724,0.0002835449218749897,0.0,-0.03368763480186464,0.037492327667738724,0.002852783203124998,0.03748139657069352,0.016430664062500003,0.006147904989795299,0.2877601321204877,0.8203009361423079,-0.009430244552749033,-0.004982632253453412,-0.003168806361101707
72.5,14.450976562500001,0.0,-151.9531249999998,2.842170943040401e-14,208.83456573486336,2.842170943040401e-14,-0.03267721906304365,0.037982364673620574,0.0002835449218749897,0.0,-0.03239367414116866,0.037982364673620574,0.004167938232421824,0.03796674692173071,0.016851806640624977,0.006035979656108805,0.45035480063556543,0.8543581455513284,-0.009601813848740644,-0.005269326470732538,-0.003522724758803758
73.0,14.346328125,0.0,-162.96875,0.0,205.8185650634766,2.842170943040401e-14,-0.02911106258630752,0.0345722852073505,0.0002835449218749897,0.0,-0.02882751766443253,0.0345722852073505,0.007760925292968749,0.03458646005868422,0.018400878906249998,0.007840636228034143,0.6913817790282655,0.8000421127944661,-0.010903762945406799,-0.006685270283225315,-0.005005232797862657
73.5,14.231757812500003,3.552713678800501e-15,-173.98437499999997,2.842170943040401e-14,202.54916900634768,0.0,-0.03506987810134885,0.037618340518561416,0.0002835449218749897,0.0,-0.03478633317947386,0.037618340518561416,0.0017808532714844024,0.03761116140831263,0.01512466430664064,0.006418048108141952,0.5846092028495558,0.9048557639468613,-0.007382851236738949,-0.003277234180386883,-0.0016631074466387614
74.0,14.11078125,0.0,-184.9999999999999,0.0,199.12139282226565,0.0,-0.0367124462127686,0.03825889788293198,0.0002835449218749897,0.0,-0.03642890129089361,0.03825889788293198,0.00012023925781246047,0.03825854768313474,0.01406616210937498,0.006286661270161363,0.5728483755827455,1.032202452000161,-0.0060820541731770785,-0.0020882045991944373,-0.0005393415574097096
74.5,13.983398437500002,0.0,-196.36718749999977,0.0,195.53707122802737,2.842170943040401e-14,-0.03285296201705933,0.036190545228751723,0.0002835449218749897,0.0,-0.03256941709518434,0.036190545228751723,0.003972091674804687,0.036230899891045644,0.015829010009765627,0.007947006935693939,0.6980600779428929,1.145906940875679,-0.007604985866713539,-0.0037218065303203825,-0.0022375664731680046
75.0,13.845703125,0.0,-212.890625,0.0,191.7106475830078,0.0,-0.032788753509521484,0.03897746823600202,0.0002835449218749897,0.0,-0.032505208587646495,0.03897746823600202,0.004047393798828125,0.038998428899658974,0.01567840576171875,0.007072934295545012,0.732564148091499,1.0944187777230086,-0.0072123162790706675,-0.003440885413501776,-0.002021803790735263
75.5,13.69734375,0.0,-225.859375,0.0,187.62909179687497,2.842170943040401e-14,-0.03674954950809479,0.03842732795011572,0.0002835449218749897,0.0,-0.0364660045862198,0.03842732795011572,7.5073242187492e-05,0.03841752305860755,0.01347274780273437,0.0053758580123725915,0.7127561769285429,0.8680938484307694,-0.0047567068993429554,-0.0011008594117985254,0.0002510381896085518
76.0,13.540625000000002,1.7763568394002505e-15,-238.12499999999994,2.842170943040401e-14,183.35590820312498,2.842170943040401e-14,-0.04063816308975222,0.03762267581733559,0.0002835449218749897,0.0,-0.04035461816787723,0.03762267581733559,-0.0038336181640625166,0.037598231437543914,0.011300048828124992,0.004372411881993528,0.6330242023601362,0.7799984389561818,-0.002336632247869216,0.0012048177286305456,0.002490226247127777
76.5,13.375390624999998,3.552713678800501e-15,-254.6484374999998,2.842170943040401e-14,178.90748901367192,0.0,-0.03674784399569038,0.04106031466385151,0.0002835449218749897,0.0,-0.03646429907381539,0.04106031466385151,4.9819946289023694e-05,0.04104490048588959,0.013085784912109355,0.006474780586404104,0.4508246575202105,1.094855027206894,-0.0038775430753538766,-0.0004493164003067018,0.0007702911406669709
77.0,13.196796875000002,1.7763568394002505e-15,-262.265625,0.0,174.17173889160156,0.0,-0.036176151484251025,0.039130763221279556,0.0002835449218749897,0.0,-0.035892606562376035,0.039130763221279556,0.0006455993652343755,0.039128380678322985,0.013184204101562501,0.005045453055814164,0.36129718060260285,1.037348999482815,-0.0037318162725170014,-0.00041653740655102963,0.0007374710428182352
77.5,13.012890624999999,0.0,-274.21875000000006,5.684341886080802e-14,169.34938964843744,2.842170943040401e-14,-0.036837574839591984,0.036316981228434526,0.0002835449218749897,0.0,-0.036554029917716994,0.036316981228434526,5.340576171865589e-06,0.03631921303650514,0.012664794921874995,0.004057561917622879,0.2589850436835369,0.8429133173255492,-0.0029603678242549436,0.000238119508702124,0.0013245040902885648
78.0,12.825625,0.0,-296.25,0.0,164.49803955078121,2.842170943040401e-14,-0.03819813966751099,0.0344483805970972,0.0002835449218749897,0.0,-0.037914594745636,0.0344483805970972,-0.0013500976562500007,0.034447197112216284,0.011804199218749999,0.005995351639839328,0.10236264386655711,0.6468911836782532,-0.0018400093508828185,0.0012379191852845205,0.0022547017801422603
78.5,12.616953125000002,0.0,-307.57812499999994,0.0,159.2065234375,2.842170943040401e-14,-0.03524559140205385,0.03382855129629647,0.0002835449218749897,0.0,-0.03496204648017886,0.03382855129629647,0.001600799560546859,0.03385122152850235,0.013096771240234369,0.0032665823143304996,-0.4576101947775446,0.7796185182877932,-0.0028652415200038266,8.842756401419329e-05,0.0010336699587649126
79.0,12.4015625,1.7763568394002505e-15,-318.59374999999994,5.684341886080802e-14,153.8219848632813,0.0,-0.03560849249362942,0.036304112493776325,0.0002835449218749897,0.0,-0.03532494757175443,0.036304112493776325,0.001219940185546909,0.036321250582670925,0.01273834228515627,0.003615593234984302,-0.7388462164463125,0.7096334073410057,-0.002232049981181325,0.0005937288811992622,0.0014655350948964965
79.5,12.179765625000003,0.0,-330.3515624999998,0.0,148.35594726562508,0.0,-0.03779069870710379,0.03970067227273912,0.0002835449218749897,0.0,-0.0375071537852288,0.03970067227273912,-0.0009851837158203695,0.03968416899125787,0.011479797363281226,0.005648289480354028,-0.7516671560861105,0.5339050022860494,-0.0006915038797020929,0.0020028363258230543,0.0027993612781459154
80.0,11.948437499999999,1.7763568394002505e-15,-346.875,0.0,142.78238525390626,0.0,-0.03380695581436157,0.03659468749620166,0.0002835449218749897,0.0,-0.03352341089248658,0.03659468749620166,0.0030273437499999997,0.03657683482740318,0.013330078124999999,0.005199794126983557,-0.5476518110795574,0.750841059729659,-0.0022579286103073747,0.0003040082085928957,0.001024806838671448
80.5,11.705273437499999,1.7763568394002505e-15,-363.3984375,0.0,137.04432220458986,2.842170943040401e-14,-0.03206553816795349,0.03714855374872997,0.0002835449218749897,0.0,-0.0317819932460785,0.03714855374872997,0.004758987426757812,0.03711545294558625,0.014009094238281249,0.004607537709599675,-0.31917225230824414,0.9068958504364406,-0.0026547082527237104,-0.00022447274714548966,0.0004210583041616301
81.0,11.452500000000002,0.0,-378.28124999999994,0.0,131.1830859375,2.842170943040401e-14,-0.030172660350799588,0.03842882041724409,0.0002835449218749897,0.0,-0.029889115428924598,0.03842882041724409,0.006639938354492162,0.038392280142946725,0.014736938476562489,0.005395377144590595,-0.10893174818345469,0.9896067564148676,-0.003082866696701021,-0.000792793560321046,-0.0002270242215667673
81.5,11.188125000000001,1.7763568394002505e-15,-389.29687499999994,5.684341886080802e-14,125.18507812500005,2.842170943040401e-14,-0.025829509496688895,0.03644004645972358,0.0002835449218749897,0.0,-0.025545964574813906,0.03644004645972358,0.01100208282470698,0.03644241775539999,0.016673278808593726,0.0063325315530206585,0.03547881866668967,0.9009454685512721,-0.004709343738177715,-0.0025644083580315382,-0.0020810017864376323
82.0,10.9140625,0.0,-400.3125,0.0,119.1527099609375,0.0,-0.026802835464477537,0.0372774555831348,0.0002835449218749897,0.0,-0.026519290542602547,0.0372774555831348,0.010037994384765625,0.037289567486799555,0.015960693359375,0.004758937552343159,0.008851520387164219,0.8387669312198347,-0.0036803966351929996,-0.0016838121003449383,-0.0012844109329849692
82.5,10.633593750000001,1.7763568394002505e-15,-413.86718750000006,0.0,113.10952148437494,2.842170943040401e-14,-0.02840492129325867,0.03656032958234898,0.0002835449218749897,0.0,-0.02812137637138368,0.03656032958234898,0.0084329605102539,0.03658089522366099,0.01493453979492187,0.004016378141788816,0.049287844926877794,0.8328549848207207,-0.002331534546880626,-0.00048644560231259873,-0.00017265090174223453
83.0,10.346484375000001,0.0,-430.15625,0.0,107.05511169433592,2.842170943040401e-14,-0.0299661386013031,0.033129415394686196,0.0002835449218749897,0.0,-0.02968259367942811,0.033129415394686196,0.006856536865234378,0.03315875748942873,0.013929748535156251,0.004174029886280818,0.20030023890496854,1.0587345553684173,-0.0009978457662841275,0.0006926738174950588,0.0009193044380444035
83.5,10.043554687500004,1.7763568394002505e-15,-441.17187499999994,0.0,100.908952331543,0.0,-0.03324152886867521,0.03624564633920832,0.0002835449218749897,0.0,-0.03295798394680022,0.03624564633920832,0.003575515747070335,0.03625775733487357,0.012100982666015636,0.005958103534856155,0.4581028153568467,1.0349643049112827,0.0011701624835037212,0.0027010386835789654,0.002837869805656664
84.0,9.733750000000002,1.7763568394002505e-15,-448.74999999999994,0.0,94.79475097656258,0.0,-0.03362502574920656,0.036548753275479115,0.0002835449218749897,0.0,-0.03334148082733157,0.036548753275479115,0.0031814575195312335,0.036562560163707236,0.011735839843749995,0.0056729135744682194,0.5120323198936567,0.9757918303415181,0.0018908531719319145,0.0032541443935659533,0.00329699407178298
84.5,9.418671875000003,1.7763568394002505e-15,-456.5234374999999,1.1368683772161603e-13,88.73683471679695,1.4210854715202004e-14,-0.03146535091102131,0.03578477169259914,0.0002835449218749897,0.0,-0.03118180598914632,0.03578477169259914,0.005332603454589769,0.03580633591033615,0.01264602661132809,0.005084109665579513,0.4026065283999941,0.8040293633455802,0.0013521319025651883,0.002540070098485191,0.0024848635404535503
85.0,9.09921875,0.0,-473.046875,0.0,82.82196044921875,0.0,-0.026210369914770125,0.03448684864960226,0.0002835449218749897,0.0,-0.025926824992895135,0.03448684864960226,0.010598373413085938,0.03451285738156571,0.015077209472656249,0.002624323194962951,0.1365039176318446,0.6204336121291881,-0.0006979362530652416,0.0003098864857102267,0.00015418030340198842
85.5,8.766757812500002,1.7763568394002505e-15,-480.8984375,0.0,76.91213348388673,0.0,-0.02775141321122646,0.03530177215594002,0.0002835449218749897,0.0,-0.02746786828935147,0.03530177215594002,0.009063835144042975,0.035289936207250114,0.014104003906250004,0.0033706301285251765,-0.03184427470316565,0.460337420594593,0.000664645082660217,0.0014882514447832839,0.0012299655661416405
86.0,8.428750000000003,0.0,-488.43749999999994,0.0,71.08896728515629,0.0,-0.029527099132537846,0.03595189660934645,0.0002835449218749897,0.0,-0.029243554210662857,0.03595189660934645,0.007291183471679679,0.03592881596956979,0.01302001953125,0.005392784570640557,-0.12463905316688852,0.6097510263124374,0.0021636722593073206,0.0027905924555650277,0.002423128259032515
86.5,8.087265625000002,1.7763568394002505e-15,-499.4531249999999,5.684341886080802e-14,65.41178955078134,1.4210854715202004e-14,-0.028560693860054033,0.033022460287903226,0.0002835449218749897,0.0,-0.028277148938179043,0.033022460287903226,0.008256664276123035,0.033058241138020784,0.013321228027343746,0.004291755042614826,-0.13334029760116195,0.7215723512215839,0.002287318203134754,0.002712688550941233,0.0022335720586737435
87.0,7.7353125,0.0,-505.234375,0.0,59.89033447265626,7.105427357601002e-15,-0.030630540177226065,0.036613417215430454,0.0002835449218749897,0.0,-0.030346995255351075,0.036613417215430454,0.006183242797851562,0.03663974824196189,0.012129821777343749,0.004435516803711748,0.2481153794935475,0.4840590880906664,0.003911036064246454,0.004131118717675242,0.003538490267040746
87.5,7.379882812499999,0.0,-510.7421875,0.0,54.52310943603514,7.105427357601002e-15,-0.029191450215876092,0.03652682290095413,0.0002835449218749897,0.0,-0.028907905294001102,0.03652682290095413,0.007604598999023453,0.036521798811627336,0.012680053710937509,0.00534756883866042,0.7040650694520311,0.5131048609447042,0.0038075249223197853,0.003815238726206315,0.0031054343045094036
88.0,7.021250000000001,0.0,-515.9375,0.0,49.317519531250014,0.0,-0.025634775161743152,0.03400029400430326,0.0002835449218749897,0.0,-0.025351230239868162,0.03400029400430326,0.01063171386718752,0.03361548805528971,0.014270019531250008,0.006766279351921142,1.1409903572989584,0.6650196342109667,0.0026783652546415577,0.002466775095599187,0.0016362195790495903
88.5,6.657734375000003,0.0,-518.69140625,0.0,44.37029907226566,7.105427357601002e-15,-0.030748848319053605,0.03682808866221797,0.0002835449218749897,0.0,-0.030465303397178616,0.03682808866221797,0.0010858249664307427,0.03758710280350966,0.011473083496093774,0.005609721379955267,1.0572628207973787,0.8621329285610809,0.005949940542667516,0.005512227221061017,0.004557413659358622
89.0,6.292304687500006,8.881784197001252e-16,-519.53125,0.0,39.6605494689942,7.105427357601002e-15,-0.03160972833633424,0.036567669298769985,0.0002835449218749897,0.0,-0.03132618341445925,0.036567669298769985,0.002005596160888596,0.036427637430084474,0.010889282226562495,0.004627886913429535,0.9706421609803052,0.9643495977190333,0.0070226302910287065,0.0063517694460740294,0.005269085406630767
89.5,5.9260351562500055,0.0,-518.76953125,0.0,35.1602622222901,0.0,-0.03170949399471278,0.035234053703389986,0.0002835449218749897,0.0,-0.0314259490728378,0.035234053703389986,0.005143766403198286,0.03526970000540725,0.010705261230468775,0.0036573247934551917,0.9568889769085092,0.8981507531232295,0.0077192221837547904,0.006803647246208739,0.005587034804744982
90.0,5.559765624999999,8.881784197001252e-16,-516.015625,0.0,30.935285949707033,3.552713678800501e-15,-0.03469947576522828,0.035618502489823414,0.0002835449218749897,0.0,-0.03441593084335329,0.035618502489823414,0.0020738601684570316,0.03565838217608636,0.009027099609375,0.004887887224970394,1.1370323198936492,0.6758443520112111,0.009926501273551956,0.008758065590399659,0.00740332478738733
90.5,5.195859375000001,0.0,-513.26171875,0.0,27.060490722656258,3.552713678800501e-15,-0.03834706246852874,0.037664214853907134,0.0002835449218749897,0.0,-0.03806351754665375,0.037664214853907134,-0.0053314208984374745,0.04485613235680366,0.007053527832031255,0.004550452762830837,1.5150410756642454,0.8411216768132913,0.012444107562147798,0.011015441094501243,0.009518798428109994
91.0,4.833554687500004,8.881784197001252e-16,-509.90234375000006,0.0,23.419261932373075,0.0,-0.040135977268219006,0.03876853702604059,0.0002835449218749897,0.0,-0.039852432346344016,0.03876853702604059,-0.011503849029540983,0.05067207457666318,0.0060528564453124975,0.005075179456194609,1.7864723472328488,0.8719895060450994,0.014011506864795823,0.012311496766120035,0.010667161957278768
91.5,4.472880859375004,8.881784197001252e-16,-505.68359375000006,5.684341886080802e-14,20.010444011688275,0.0,-0.03943801283836365,0.039196585041996246,0.0002835449218749897,0.0,-0.03915446791648866,0.039196585041996246,-0.015024824142456115,0.05380176032949739,0.0063439941406250025,0.007579625241738167,1.8790072994632392,0.8850398327481379,0.014292524651081114,0.012318344977763159,0.010525017215444077
92.0,4.11625,0.0,-497.421875,0.0,16.995102233886715,3.552713678800501e-15,-0.039656691551208496,0.04040990973534641,0.0002835449218749897,0.0,-0.03937314662933351,0.04040990973534641,-0.010841522216796877,0.052852319128852514,0.006171875,0.006738880960065485,1.9060639067963312,0.7841009431505167,0.015050307837070032,0.012795247485612138,0.010849528039681068
92.5,3.764599609375,4.440892098500626e-16,-486.669921875,0.0,14.231880474090572,1.7763568394002505e-15,-0.042710828781127946,0.041777938230860595,0.0002835449218749897,0.0,-0.04242728385925296,0.041777938230860595,-0.012103986740112316,0.054698079787087295,0.004560089111328119,0.006758518814305472,2.120474613074105,0.6915634900243598,0.017280164414894487,0.014728431281939685,0.012622012882180782
93.0,3.4185156250000013,0.0,-473.76953125000006,0.0,11.711935424804695,0.0,-0.047553253173828115,0.04254402156401053,0.0002835449218749897,0.0,-0.047269708251953126,0.04254402156401053,-0.016080207824707024,0.05396591967126809,0.002051391601562508,0.007115111682681151,2.429012485317425,0.9474539536048422,0.0204184712794007,0.017564284658809826,0.015294288325498659
93.5,3.0825390625000035,4.440892098500626e-16,-458.6230468750001,5.684341886080802e-14,9.53333740234377,0.0,-0.05204280614852901,0.040208638873279905,0.0002835449218749897,0.0,-0.05175926122665402,0.040208638873279905,-0.01619047164916992,0.042314265533885786,-0.00022918701171872836,0.006534259116357492,2.607927122316173,1.0120958976299115,0.02333942694354371,0.02017737486795183,0.017741122736710278
94.0,2.7581640625000046,4.440892098500626e-16,-443.4765625000001,1.1368683772161603e-13,7.658911666870146,8.881784197001252e-16,-0.0575082540512084,0.03971777790091841,0.0002835449218749897,0.0,-0.05722470912933341,0.03971777790091841,-0.020661621093749912,0.03971602458709505,-0.002971191406249956,0.00601371437545878,2.692977798568624,1.1039178029596308,0.026733814746154168,0.02325788873832738,0.020652381869163666
94.5,2.4425976562500042,0.0,-426.41601562500034,5.684341886080802e-14,6.001059265136739,0.0,-0.06084344863891604,0.03963144004218513,0.0002835449218749897,0.0,-0.06055990371704105,0.03963144004218513,-0.024016609191894554,0.03962048480041332,-0.004605560302734385,0.0063927570996724515,2.594382724006141,1.1261198930875966,0.029041387037439602,0.02524134066638598,0.02246129228143518
95.0,2.1369140625000003,4.440892098500626e-16,-405.76171875,0.0,4.5753318786621096,0.0,-0.059619116783142086,0.03805813410140323,0.0002835449218749897,0.0,-0.059335571861267096,0.03805813410140323,-0.022774124145507814,0.03810279279693685,-0.00389556884765625,0.0066105876758711405,2.2048327750537204,1.0102252328697667,0.029025096182871184,0.024890833287743993,0.02193104286457512
95.5,1.8504199218750015,2.220446049250313e-16,-382.54882812500006,5.684341886080802e-14,3.4609908485412646,0.0,-0.06705658674240109,0.04161142784815429,0.0002835449218749897,0.0,-0.0667730418205261,0.04161142784815429,-0.030204372406005826,0.0416413780047067,-0.007543182373046857,0.005970802365499342,1.8632285022513373,0.9229160295807616,0.0333835162267933,0.02890656741419132,0.025762716690494087
96.0,1.5773437500000027,0.0,-358.08593750000034,5.684341886080802e-14,2.5197418212890708,0.0,-0.07180529117584226,0.04319128284473089,0.0002835449218749897,0.0,-0.07152174625396727,0.04319128284473089,-0.034958190917968736,0.04320194148668121,-0.009831542968749992,0.006173473585714149,1.5193684895833461,0.987461870587664,0.0363922124107583,0.03156774594925032,0.028237486255875154
96.5,1.3180712890625033,0.0,-332.2949218750004,0.0,1.7441308069229202,2.220446049250313e-16,-0.07328118324279784,0.04207573411857075,0.0002835449218749897,0.0,-0.07299763832092285,0.04207573411857075,-0.03644569396972654,0.04206937286233639,-0.01046279907226562,0.005784079318083055,1.1676059180484337,1.1044019472202495,0.03775321489519915,0.03257645686418934,0.02905746976510248
97.0,1.0819238281249997,2.220446049250313e-16,-303.37890625,0.0,1.1904295825958255,2.220446049250313e-16,-0.07414245128631591,0.04316466133665947,0.0002835449218749897,0.0,-0.07385890636444092,0.04316466133665947,-0.03727401733398437,0.04318676899105289,-0.010742492675781251,0.006154815714607808,0.7938536174925308,1.1111058347512446,0.038776765311027694,0.03324068527012208,0.029529430769826667
97.5,0.8652587890624998,1.1102230246251565e-16,-272.259521484375,0.0,0.7702197313308713,0.0,-0.07232425212860108,0.04217349274292678,0.0002835449218749897,0.0,-0.07204070720672609,0.04217349274292678,-0.0354532241821289,0.0421973547732149,-0.009703063964843748,0.005590965027581194,0.6997968767072779,1.0230791080395518,0.038500326273013356,0.032595482100919275,0.02868711482975651
98.0,0.6662451171875009,0.0,-239.3701171875002,2.842170943040401e-14,0.4529818642139446,5.551115123125783e-17,-0.07082035541534422,0.041256054358418566,0.0002835449218749897,0.0,-0.07053681049346923,0.041256054358418566,-0.03397155761718749,0.041263389486947355,-0.008821411132812491,0.005263146956390855,0.7166701096754899,0.9958293506871287,0.03839057327011118,0.03211243399197618,0.028004764359269334
98.5,0.49119995117187687,5.551115123125783e-17,-204.42993164062543,2.842170943040401e-14,0.24755166083574526,5.551115123125783e-17,-0.07401733398437498,0.04337816832741519,0.0002835449218749897,0.0,-0.07373378906249999,0.04337816832741519,-0.03722030639648434,0.04336680681179531,-0.010262908935546858,0.006553898207342584,0.6620804579941677,0.9129370374058455,0.04060631837552339,0.03395351070155714,0.029646051615426997
99.0,0.3453955078125023,5.551115123125783e-17,-167.47314453125065,2.842170943040401e-14,0.12885160684585742,0.0,-0.0791470766067504,0.045711241594684135,0.0002835449218749897,0.0,-0.07886353168487541,0.045711241594684135,-0.04233261108398429,0.045705002348551994,-0.012712707519531205,0.006990804848544465,0.47962748921001475,0.8146975687772819,0.043833098413345095,0.03680406810278335,0.03229622960803227
99.5,0.22091918945312644,2.7755575615628914e-17,-129.00695800781307,0.0,0.05322343260049877,6.938893903907228e-18,-0.08012350559234627,0.04579633777690599,0.0002835449218749897,0.0,-0.07983996067047128,0.04579633777690599,-0.043284301757812574,0.045797441708508434,-0.01306335449218754,0.006964239736137147,0.35179671707686594,0.7896320762730372,0.044980077988469785,0.03756529377581587,0.032852165930876705
100.0,0.1181640625,0.0,-88.9892578125,0.0,0.013962745666503906,0.0,-0.07480394840240479,0.042629488164335476,0.0002835449218749897,0.0,-0.0745204034805298,0.042629488164335476,-0.0379486083984375,0.04263717150917408,-0.010223388671875,0.00643559214180987,0.3345196063701955,0.9019582136837933,0.04293921636810831,0.03513711714487028,0.03021809470524764
