frame,time_video_s,blue_x_mm,blue_y_mm,yellow_x_mm,yellow_y_mm,center_x_mm,center_y_mm,heading_rad,marker_separation_mm,speed_playback_mm_s,turn_led_blue_pixels,turn_led_active
0,0.0,35.78942108154297,71.1778335571289,38.68724822998047,16.652263641357422,37.23833465576172,43.918243408203125,1.6242419264211962,54.5680046081543,4.103736717180841,0,False
1,0.033414053625299645,35.87782096862793,71.1359977722168,38.783395767211914,16.644142150878906,37.33060836791992,43.891666412353516,1.6248701508348806,54.55200958251953,4.235573062338897,0,False
2,0.06682810725059929,35.96622085571289,71.09416198730469,38.87954330444336,16.63602066040039,37.422882080078125,43.865089416503906,1.6254983752485648,54.5680046081543,4.367409407496952,0,False
3,0.10024216087589893,36.067718505859375,70.9788818359375,39.05013656616211,16.541259765625,37.558929443359375,43.73974609375,1.6255684017798395,54.536014556884766,4.235573062338897,0,False
4,0.13365621450119858,36.14381408691406,70.938232421875,39.221439361572266,16.48506736755371,37.68262481689453,43.73197555541992,1.6255684017798395,54.478668212890625,4.103736717180841,0,False
5,0.16707026812649822,36.40336227416992,70.6966552734375,39.49649429321289,16.47966957092285,37.949928283691406,43.58816146850586,1.6256786908970202,54.30514907836914,4.367409407496952,0,False
6,0.20048432175179787,36.69868850708008,70.58496856689453,39.56121826171875,16.41717529296875,38.12995147705078,43.49091339111328,1.6256786908970202,54.2636604309082,4.625953358382074,0,False
7,0.2338983753770975,36.7378044128418,70.46581268310547,39.70457458496094,16.396862030029297,38.22119140625,43.423770904541016,1.624170040153107,54.15538787841797,4.625953358382074,0,False
8,0.26731242900239716,36.945072174072266,70.46351623535156,39.83409881591797,16.38172721862793,38.38958740234375,43.418479919433594,1.6235730650032072,54.15538787841797,4.625953358382074,0,False
9,0.3007264826276968,37.1060791015625,70.46351623535156,39.884220123291016,16.375646591186523,38.495147705078125,43.418479919433594,1.6221182916822177,54.15538787841797,4.100181770565398,0,False
10,0.33414053625299645,37.35860824584961,70.46581268310547,40.08475112915039,16.3602237701416,38.7216796875,43.41910934448242,1.6221041334765807,54.188697814941406,4.033488562872127,0,False
11,0.3675545898782961,37.418540954589844,70.47799682617188,40.190040588378906,16.352739334106445,38.804290771484375,43.41910934448242,1.6221041334765807,54.191741943359375,3.0090831262972837,0,False
12,0.40096864350359573,37.529930114746094,70.48683166503906,40.31526184082031,16.340389251708984,38.9225959777832,43.41072082519531,1.6221041334765807,54.22650909423828,2.8658806529930128,0,False
13,0.4343826971288954,37.529930114746094,70.49859619140625,40.41437530517578,16.33460807800293,38.995628356933594,43.41072082519531,1.6231469267050522,54.31052780151367,2.8658806529930128,0,False
14,0.467796750754195,37.576881408691406,70.51499938964844,40.49174499511719,16.271408081054688,39.005977630615234,43.40513229370117,1.623690919680957,54.34345245361328,2.634946919565362,0,False
15,0.5012108043794946,37.589534759521484,70.51499938964844,40.525299072265625,16.24371910095215,39.05517578125,43.383331298828125,1.6241231554147595,54.350624084472656,2.6247632240539116,0,False
16,0.5346248580047943,37.61861038208008,70.51499938964844,40.571815490722656,16.23999786376953,39.05741882324219,43.37936019897461,1.6242236880910195,54.350624084472656,2.3147918026688834,0,False
17,0.5680389116300939,37.70694351196289,70.50233459472656,40.6103401184082,16.230491638183594,39.15864181518555,43.36454391479492,1.624837909823884,54.35839080810547,1.573558103747643,0,False
18,0.6014529652553936,37.816795349121094,70.51499938964844,40.714603424072266,16.232812881469727,39.26570129394531,43.37936019897461,1.624837909823884,54.369041442871094,1.573558103747643,0,False
19,0.6348670188806932,37.83661651611328,70.5119400024414,40.831520080566406,16.232812881469727,39.334068298339844,43.379798889160156,1.6258635134190784,54.369041442871094,1.573558103747643,0,False
20,0.6682810725059929,37.944313049316406,70.5119400024414,40.93790054321289,16.232812881469727,39.44110870361328,43.379798889160156,1.6259089456555398,54.369041442871094,1.573558103747643,0,False
21,0.7016951261312925,37.95826721191406,70.5403060913086,41.01914596557617,16.232812881469727,39.48870849609375,43.383846282958984,1.62602361277931,54.38994216918945,1.904538605987421,0,False
22,0.7351091797565922,37.95826721191406,70.54276275634766,41.04082489013672,16.232812881469727,39.53938293457031,43.386558532714844,1.6268353074363235,54.40077590942383,1.904538605987421,0,False
23,0.7685232333818918,38.02467727661133,70.59464263916016,41.07707977294922,16.224929809570312,39.54035568237305,43.42469787597656,1.6271434988824447,54.425323486328125,1.904538605987421,0,False
24,0.8019372870071915,38.02467727661133,70.59464263916016,41.14235305786133,16.219730377197266,39.55290985107422,43.42469787597656,1.6295810232515333,54.4770393371582,1.904538605987421,0,False
25,0.8353513406324911,38.02467727661133,70.59464263916016,41.22893524169922,16.219013214111328,39.621421813964844,43.42469787597656,1.6295986979786572,54.518924713134766,1.904538605987421,0,False
26,0.8687653942577908,38.02467727661133,70.58707427978516,41.253299713134766,16.05506706237793,39.626808166503906,43.32107162475586,1.6295986979786572,54.53977584838867,1.904538605987421,0,False
27,0.9021794478830903,38.04718017578125,70.54130554199219,41.35184097290039,16.05506706237793,39.69950866699219,43.32107162475586,1.6295810232515333,54.53977584838867,1.9415998836690358,0,False
28,0.93559350150839,38.15625762939453,70.51636505126953,41.357879638671875,16.05506706237793,39.7570686340332,43.32107162475586,1.6294398876097833,54.4770393371582,1.949186845002688,0,False
29,0.9690075551336896,38.40361022949219,70.51636505126953,41.4686393737793,16.289865493774414,39.936126708984375,43.40097427368164,1.6276773312604917,54.337955474853516,1.949186845002688,0,False
30,1.0024216087589892,38.50840377807617,70.49518585205078,41.591461181640625,16.309202194213867,40.05107498168945,43.415584564208984,1.6276773312604917,54.27131271362305,1.949186845002688,0,False
31,1.035835662384289,38.51504898071289,70.49518585205078,41.593746185302734,16.309202194213867,40.053253173828125,43.41558837890625,1.6276773312604917,54.27131271362305,1.949186845002688,0,False
32,1.0692497160095886,38.622520446777344,70.49518585205078,41.76014709472656,16.34699821472168,40.19133377075195,43.42510986328125,1.628388628934866,54.27131271362305,1.8766999114222158,0,False
33,1.1026637696348882,38.67301940917969,70.5232162475586,41.80733108520508,16.34699821472168,40.243751525878906,43.42510986328125,1.6287184687019827,54.307861328125,1.8766999114222158,0,False
34,1.1360778232601878,38.680171966552734,70.56680297851562,41.84135818481445,16.320045471191406,40.27214813232422,43.42510986328125,1.6287184687019827,54.328243255615234,1.8766999114222158,0,False
35,1.1694918768854876,38.68888854980469,70.57901763916016,41.8590087890625,16.30795669555664,40.273948669433594,43.425045013427734,1.628388628934866,54.353275299072266,1.8766999114222158,0,False
36,1.2029059305107872,38.8265380859375,70.57901763916016,41.871273040771484,16.282546997070312,40.333946228027344,43.425045013427734,1.6280049946669357,54.353275299072266,1.8766999114222158,0,False
37,1.2363199841360868,38.84389114379883,70.56680297851562,41.950157165527344,16.282546997070312,40.39903259277344,43.41592025756836,1.6263474374663232,54.353275299072266,1.8766999114222158,0,False
38,1.2697340377613864,38.97903060913086,70.5492935180664,41.95417022705078,16.31680679321289,40.46459197998047,43.41592025756836,1.6263474374663232,54.3480224609375,1.9584544904533614,0,False
39,1.3031480913866862,39.03551483154297,70.5492935180664,42.04821014404297,16.31680679321289,40.54393768310547,43.41592025756836,1.6270778266121984,54.31138610839844,1.9584544904533614,0,False
40,1.3365621450119858,39.0396614074707,70.5284652709961,42.08202362060547,16.337369918823242,40.55876922607422,43.41592025756836,1.6270778266121984,54.28787612915039,1.9597145886412366,0,False
41,1.3699761986372854,39.10554504394531,70.51647186279297,42.242706298828125,16.33991241455078,40.67412567138672,43.429359436035156,1.6285909948117214,54.27152633666992,1.9832082875559396,0,False
42,1.403390252262585,39.155677795410156,70.5284652709961,42.395904541015625,16.33991241455078,40.77579116821289,43.432918548583984,1.6305178301529104,54.28787612915039,2.1683255189115327,0,False
43,1.4368043058878848,39.228214263916016,70.5284652709961,42.476531982421875,16.337369918823242,40.85237121582031,43.432918548583984,1.6305178301529104,54.28787612915039,2.3043653728507763,0,False
44,1.4702183595131844,39.2803955078125,70.5284652709961,42.526241302490234,16.322307586669922,40.9033203125,43.432830810546875,1.6305178301529104,54.28787612915039,2.6677558509982617,0,False
45,1.503632413138484,39.388465881347656,70.54335021972656,42.58134460449219,16.322307586669922,40.98490524291992,43.432830810546875,1.6305312942320775,54.28516387939453,2.734069326476131,0,False
46,1.5370464667637835,39.47005081176758,70.54335021972656,42.644039154052734,16.322307586669922,41.057044982910156,43.44197463989258,1.6296470750964984,54.28516387939453,2.734069326476131,0,False
47,1.5704605203890833,39.57078552246094,70.53437042236328,42.819400787353516,16.392044067382812,41.195091247558594,43.45085144042969,1.6292938700076436,54.253902435302734,2.734069326476131,0,False
48,1.603874574014383,39.70335388183594,70.54335021972656,42.87416458129883,16.39527702331543,41.28875732421875,43.46320724487305,1.6292675438436584,54.2350959777832,2.734069326476131,0,False
49,1.6372886276396825,39.80502700805664,70.55687713623047,42.945281982421875,16.403589248657227,41.375152587890625,43.48186492919922,1.6292938700076436,54.21561813354492,2.8431858879233958,0,False
50,1.6707026812649821,39.933013916015625,70.55687713623047,43.09218215942383,16.462444305419922,41.512596130371094,43.50965881347656,1.6292938700076436,54.21561813354492,2.8431858879233958,0,False
51,1.704116734890282,39.980751037597656,70.56511688232422,43.2625846862793,16.46765899658203,41.639923095703125,43.526859283447266,1.629142608665408,54.202186584472656,2.734069326476131,0,False
52,1.7375307885155815,40.01726531982422,70.56511688232422,43.317115783691406,16.50336265563965,41.64893341064453,43.526859283447266,1.629142608665408,54.18660354614258,2.3475367640028955,0,False
53,1.770944842140881,40.18238830566406,70.56511688232422,43.33147048950195,16.517641067504883,41.761329650878906,43.53424072265625,1.629142608665408,54.15390396118164,2.3475367640028955,0,False
54,1.8043588957661807,40.3376350402832,70.5549545288086,43.340274810791016,16.517641067504883,41.83879470825195,43.53424072265625,1.6266420131188402,54.15390396118164,2.3475367640028955,0,False
55,1.8377729493914805,40.34611892700195,70.5549545288086,43.35440444946289,16.53076171875,41.84601974487305,43.53424072265625,1.6261693016754772,54.15390396118164,2.3475367640028955,0,False
56,1.87118700301678,40.48680877685547,70.5549545288086,43.42224884033203,16.558090209960938,41.963279724121094,43.57324981689453,1.6261693016754772,54.1728515625,2.8431858879233958,0,False
57,1.9046010566420797,40.48680877685547,70.65229797363281,43.485069274902344,16.644052505493164,41.985939025878906,43.605194091796875,1.6261693016754772,54.17808532714844,5.766558949320208,0,False
58,1.9380151102673793,40.48680877685547,70.99700164794922,43.581787109375,16.906280517578125,42.036277770996094,43.95164108276367,1.627593715246943,54.186912536621094,8.556790077417576,0,False
59,1.971429163892679,40.50430679321289,71.32138061523438,43.64054870605469,17.150531768798828,42.044029235839844,44.23595428466797,1.6299571844879606,54.21322250366211,9.478488857645239,0,False
60,2.0048432175179784,40.50626754760742,71.69591522216797,43.767784118652344,17.338106155395508,42.12202453613281,44.51700973510742,1.6312024541702368,54.265785217285156,9.802325153327134,0,False
61,2.0382572711432783,40.50804901123047,71.92936706542969,43.851898193359375,17.815027236938477,42.19995880126953,44.872196197509766,1.6312752384477838,54.40241241455078,13.608821011043863,0,False
62,2.071671324768578,40.54736328125,72.58793640136719,43.89186477661133,18.255352020263672,42.21548843383789,45.42164611816406,1.632887649239452,54.40241241455078,15.812333180393535,0,False
63,2.1050853783938774,40.56095504760742,73.07696533203125,43.930973052978516,18.779390335083008,42.239166259765625,45.92817687988281,1.6329956673303458,54.27677917480469,18.539285522170186,0,False
64,2.1384994320191772,40.56095504760742,73.74517822265625,43.95359802246094,19.57396697998047,42.265724182128906,46.65957260131836,1.6329956673303458,54.27677917480469,23.122522753939684,0,False
65,2.171913485644477,40.577850341796875,74.52633666992188,44.04074478149414,20.417598724365234,42.30590057373047,47.47196960449219,1.632887649239452,54.27677917480469,25.76254586817389,0,False
66,2.2053275392697764,40.73788833618164,75.40998077392578,44.04074478149414,21.34360694885254,42.38931655883789,48.376792907714844,1.6318094237684302,54.221168518066406,29.65799926888837,0,False
67,2.2387415928950762,40.99299621582031,76.63920593261719,44.04074478149414,22.253721237182617,42.47808074951172,49.44646453857422,1.6269324646380325,54.221168518066406,30.927887142221866,0,False
68,2.2721556465203756,40.99299621582031,77.44094848632812,43.99016189575195,23.442527770996094,42.47808074951172,50.44173812866211,1.6268146499261584,54.16716766357422,35.92607026639885,0,False
69,2.3055697001456754,40.99299621582031,78.92505645751953,43.986366271972656,24.76961898803711,42.47808074951172,51.84733581542969,1.6268146499261584,54.079139709472656,41.83185467413081,0,False
70,2.3389837537709752,40.96515655517578,80.20917510986328,43.986366271972656,26.2653865814209,42.47808074951172,53.237281799316406,1.6268146499261584,54.02853775024414,44.945462329985936,0,False
71,2.3723978073962746,40.934303283691406,81.76058959960938,43.99016189575195,27.941322326660156,42.4776611328125,54.850955963134766,1.6269207391889269,53.90414047241211,49.437034495188094,0,False
72,2.4058118610215744,40.934303283691406,83.37846374511719,44.010440826416016,29.70366668701172,42.4776611328125,56.54106521606445,1.6279166185029301,53.838722229003906,54.19283947354542,0,False
73,2.439225914646874,40.934303283691406,85.34783172607422,44.04439926147461,31.59722137451172,42.49342346191406,58.47252655029297,1.6280159895954533,53.82951354980469,60.37356796584644,0,False
74,2.4726399682721736,40.9713134765625,87.44646453857422,44.05254364013672,33.704742431640625,42.50785827636719,60.57560348510742,1.6280159895954533,53.78327560424805,65.12083465110837,0,False
75,2.5060540218974734,41.0493049621582,89.64934539794922,44.13058853149414,35.996585845947266,42.60618591308594,62.822967529296875,1.6279166185029301,53.78327560424805,67.9470047284432,0,False
76,2.5394680755227728,41.14045715332031,91.96482849121094,44.163063049316406,38.26432418823242,42.635520935058594,65.11457824707031,1.6279166185029301,53.75963592529297,70.88727501331454,0,False
77,2.5728821291480726,41.14045715332031,94.36168670654297,44.17157745361328,40.75835037231445,42.65073776245117,67.56002044677734,1.627837665742774,53.743038177490234,77.13258273338181,0,False
78,2.6062961827733724,41.14045715332031,97.1023941040039,44.17789077758789,43.43596267700195,42.65073776245117,70.26918029785156,1.627837665742774,53.75963592529297,82.04417237088686,0,False
79,2.6397102363986717,41.12358474731445,99.78657531738281,44.22165298461914,46.29917907714844,42.65073776245117,73.04287719726562,1.629689783749959,53.75963592529297,83.49006521019683,0,False
80,2.6731242900239716,41.112892150878906,102.74315643310547,44.22165298461914,48.95417022705078,42.65073776245117,75.84866333007812,1.629689783749959,53.75963592529297,90.31217990282454,0,False
81,2.7065383436492714,41.068084716796875,105.92776489257812,44.17789077758789,52.228675842285156,42.625518798828125,79.07821655273438,1.627837665742774,53.70481872558594,95.85285407155118,0,False
82,2.7399523972745707,41.02938461303711,109.05221557617188,44.11647415161133,55.456233978271484,42.61468505859375,82.25422668457031,1.6270365641713553,53.70481872558594,99.04392273671178,0,False
83,2.7733664508998706,41.00313949584961,112.50579071044922,44.00395965576172,58.88588333129883,42.49456787109375,85.69583892822266,1.626778948243654,53.680076599121094,101.67637949178493,0,False
84,2.80678050452517,40.98866653442383,115.78778076171875,43.874019622802734,62.3054084777832,42.43134307861328,89.04659271240234,1.624958145169234,53.60357666015625,105.08696026223647,0,False
85,2.8401945581504697,40.98517990112305,119.45925903320312,43.812103271484375,65.97686767578125,42.407623291015625,92.71806335449219,1.624958145169234,53.60357666015625,110.22394763400605,0,False
86,2.8736086117757695,40.773521423339844,123.17222595214844,43.67536926269531,69.64725494384766,42.22444534301758,96.40974426269531,1.624958145169234,53.60357666015625,118.14464638471576,0,False
87,2.907022665401069,40.571510314941406,131.16233825683594,43.54080581665039,77.44151306152344,41.99961853027344,104.30192565917969,1.624958145169234,53.68073272705078,124.00398101524961,0,False
88,2.9404367190263687,40.47028732299805,131.16233825683594,43.54080581665039,77.44151306152344,41.99961853027344,104.30192565917969,1.6270750914827152,53.68073272705078,130.80633328558838,0,False
89,2.9738507726516685,40.45842742919922,139.39309692382812,43.48238754272461,85.78459167480469,41.97633743286133,112.5888442993164,1.6270750914827152,53.69291305541992,134.1296743187464,0,False
90,3.007264826276968,40.45842742919922,143.67649841308594,43.36487579345703,90.2119369506836,41.96338653564453,116.9442138671875,1.6250189948713034,53.686065673828125,137.46839575589084,0,False
91,3.0406788799022677,40.45492935180664,148.1371307373047,43.35525894165039,94.52313232421875,41.90990447998047,121.33013153076172,1.6250189948713034,53.686065673828125,137.46839575589084,0,False
92,3.074092933527567,40.31831359863281,152.71090698242188,43.12505340576172,99.09825897216797,41.721683502197266,125.90458679199219,1.6250189948713034,53.69291305541992,144.81064688369713,0,False
93,3.107506987152867,40.043701171875,157.39097595214844,43.05604553222656,103.6286849975586,41.54987335205078,130.50982666015625,1.6250189948713034,53.84661865234375,146.50731345622964,0,False
94,3.1409210407781667,39.97702407836914,162.5157928466797,42.770938873291016,108.63572692871094,41.37398147583008,135.5757598876953,1.6251389708063282,53.84661865234375,146.50731345622964,0,False
95,3.174335094403466,39.68010330200195,167.19151306152344,42.6358528137207,113.41073608398438,41.15797805786133,140.30111694335938,1.6251389708063282,53.86124801635742,146.63186390310378,0,False
96,3.207749148028766,39.53230285644531,172.2169189453125,42.4542236328125,118.50138854980469,40.993263244628906,145.35916137695312,1.6250336367845302,53.861942291259766,151.13733623306828,0,False
97,3.2411632016540652,39.37333679199219,177.28713989257812,42.29319381713867,123.50509643554688,40.83326721191406,150.3961181640625,1.6251389708063282,53.861942291259766,154.19176285688508,0,False
98,3.274577255279365,39.2139778137207,182.75074768066406,42.110572814941406,128.5656280517578,40.66227722167969,155.65818786621094,1.6251389708063282,54.05706787109375,158.78945487301598,0,False
99,3.307991308904665,39.01036071777344,188.03945922851562,42.016719818115234,133.9663543701172,40.51354217529297,161.00289916992188,1.6263371940249636,54.07587432861328,164.25529333554118,0,False
100,3.3414053625299642,38.79940414428711,193.613525390625,41.971046447753906,139.6495819091797,40.385223388671875,166.63156127929688,1.6288931210902575,54.156612396240234,169.391158477252,0,False
101,3.374819416155264,38.579498291015625,199.3080291748047,41.81739807128906,145.3291778564453,40.198448181152344,172.318603515625,1.6288931210902575,54.156612396240234,169.97736034119373,0,False
102,3.408233469780564,38.5159797668457,205.15841674804688,41.67666244506836,150.81590270996094,40.09632110595703,177.98715209960938,1.6295021534338923,54.43247604370117,171.10045634047165,0,False
103,3.441647523405863,38.2969970703125,210.97596740722656,41.31139373779297,156.5162811279297,39.804195404052734,183.74612426757812,1.629187278041206,54.43435287475586,173.75550112960275,0,False
104,3.475061577031163,37.96036911010742,216.75250244140625,41.3001708984375,162.4250030517578,39.610721588134766,189.5887451171875,1.629187278041206,54.468772888183594,179.71762360466354,0,False
105,3.5084756306564624,37.92127227783203,222.94158935546875,41.13904571533203,168.56564331054688,39.549705505371094,195.7536163330078,1.6329113140622957,54.54304885864258,185.772506266969,0,False
106,3.541889684281762,37.62046813964844,229.21835327148438,41.05326843261719,174.78273010253906,39.33686828613281,202.00054931640625,1.633774583173855,54.54375457763672,190.19294934011222,0,False
107,3.575303737907062,37.468963623046875,235.7495880126953,40.97968292236328,181.29452514648438,39.22432327270508,208.52206420898438,1.634581910919353,54.568111419677734,191.1260641021792,0,False
108,3.6087177915323614,37.22111129760742,242.09573364257812,40.720062255859375,187.3152618408203,38.97058868408203,214.70550537109375,1.634581910919353,54.568111419677734,191.18806192174577,0,False
109,3.642131845157661,37.00352478027344,248.55921936035156,40.566429138183594,194.0232696533203,38.784976959228516,221.29124450683594,1.6351772537962734,54.6522102355957,194.59648948119133,223,True
110,3.675545898782961,36.955570220947266,254.9621124267578,40.32923889160156,200.5392303466797,38.64240264892578,227.75067138671875,1.634581910919353,54.8921012878418,195.26654424556182,1632,True
111,3.7089599524082604,36.955570220947266,262.1126403808594,40.06049346923828,207.0891571044922,38.27936553955078,234.60089111328125,1.6327069991673864,55.136714935302734,195.26654424556182,1715,True
112,3.74237400603356,36.955570220947266,268.78759765625,39.77048110961914,213.42877197265625,38.07518768310547,241.10818481445312,1.6319673628813638,55.138675689697266,195.51555380464507,1734,True
113,3.7757880596588596,37.268680572509766,275.1588134765625,38.23468780517578,220.0305633544922,37.751686096191406,247.59469604492188,1.588317441235508,55.138675689697266,195.85506137101655,1778,True
114,3.8092021132841594,39.175289154052734,281.93463134765625,36.04855728149414,226.83847045898438,37.751686096191406,254.3865509033203,1.5141066840197968,55.184810638427734,195.85506137101655,1847,True
115,3.842616166909459,41.77327346801758,287.9227294921875,33.68164825439453,233.44390869140625,37.751686096191406,260.6833190917969,1.423346389205791,55.184810638427734,195.51555380464507,2005,True
116,3.8760302205347585,45.32094192504883,293.72314453125,31.449295043945312,240.0021514892578,38.38511657714844,266.8626403808594,1.3180995606928023,55.184810638427734,194.59648948119133,1905,True
117,3.9094442741600584,49.73379898071289,299.4211120605469,29.668989181518555,247.7847900390625,39.701393127441406,273.60296630859375,1.2001739189531366,55.07645797729492,187.12890418521067,1795,True
118,3.942858327785358,54.31153869628906,303.5591735839844,28.55743408203125,255.8802490234375,41.30110549926758,279.7197265625,1.0712204183849616,54.64603042602539,186.92971816625374,2096,True
119,3.9762723814106575,59.624916076660156,307.67462158203125,28.55743408203125,263.1923828125,43.75419616699219,285.4335021972656,0.9510172439384291,54.317264556884766,185.16600486060165,2254,True
120,4.009686435035957,65.1218490600586,310.5065002441406,28.55743408203125,271.0068054199219,46.83964157104492,290.75665283203125,0.8239685762624652,53.91141128540039,184.78225930080103,1903,True
121,4.043100488661257,71.15582275390625,312.97088623046875,29.834609985351562,278.65008544921875,50.495216369628906,295.81048583984375,0.6931144197928932,53.82548141479492,184.03928775634316,2145,True
122,4.0765145422865565,77.35823822021484,314.5333557128906,31.985315322875977,285.41741943359375,54.671775817871094,299.97540283203125,0.5705203124632805,53.76337814331055,183.7446688297564,2243,True
123,4.109928595911856,83.79095458984375,315.1935119628906,35.31501770019531,292.5656433105469,59.55298614501953,303.968994140625,0.4397501397403095,53.715545654296875,183.7446688297564,2340,True
124,4.143342649537156,90.25003814697266,315.1935119628906,39.21040725708008,298.6053161621094,64.730224609375,307.05303955078125,0.3196730917852037,53.572975158691406,183.7446688297564,2400,True
125,4.1767567031624555,96.41400909423828,315.1935119628906,44.06935119628906,303.837646484375,70.24168395996094,309.51556396484375,0.2136336345491239,53.562286376953125,183.7446688297564,2599,True
126,4.210170756787755,102.64888000488281,314.7322998046875,49.59147644042969,307.7604064941406,76.12017822265625,311.22906494140625,0.13001304072874828,53.509010314941406,184.03928775634316,2501,True
127,4.243584810413055,108.80709838867188,314.7322998046875,55.5965576171875,310.0453796386719,82.20182800292969,312.2969970703125,0.08442874773368637,53.509010314941406,186.01936670320381,2517,True
128,4.2769988640383545,115.09573364257812,314.69769287109375,61.785194396972656,311.0415344238281,88.44046020507812,312.88690185546875,0.06912114807533293,53.509010314941406,189.40486445797086,2455,True
129,4.310412917663654,121.6762466430664,314.548583984375,67.98908996582031,311.4635009765625,94.83267211914062,313.11907958984375,0.061596445922185064,53.580039978027344,189.85816632144338,1946,True
130,4.343826971288954,127.88484191894531,314.7322998046875,74.36402130126953,311.87396240234375,101.12443542480469,313.200927734375,0.053256865216895016,53.58172607421875,192.39950173073723,9,False
131,4.3772410249142535,134.45462036132812,314.73968505859375,80.92518615722656,311.87701416015625,107.68990325927734,313.2282409667969,0.053256865216895016,53.78916549682617,192.39950173073723,9,False
132,4.410655078539553,141.0049285888672,314.73968505859375,87.2463607788086,311.87701416015625,114.12564086914062,313.30682373046875,0.053256865216895016,53.596683502197266,192.39950173073723,10,False
133,4.444069132164852,147.56591796875,314.8792724609375,93.84536743164062,311.87396240234375,120.70564270019531,313.3608703613281,0.05582851354482431,53.804378509521484,192.39950173073723,3,False
134,4.4774831857901525,154.10952758789062,314.8807373046875,100.59911346435547,311.87396240234375,127.35432434082031,313.37347412109375,0.056061293523301546,53.808319091796875,192.39950173073723,2,False
135,4.510897239415452,160.6602783203125,314.99017333984375,106.6775131225586,311.87701416015625,133.6688995361328,313.3781433105469,0.05674541200618838,53.808319091796875,192.2879083066692,0,False
136,4.544311293040751,167.0072021484375,314.9908752441406,113.28341674804688,311.92181396484375,140.1453094482422,313.482666015625,0.0573649090452556,53.856842041015625,191.40825156564196,0,False
137,4.5777253466660515,173.4442138671875,315.1976623535156,119.59146118164062,311.9751892089844,146.51783752441406,313.56085205078125,0.05985073860059083,53.94148254394531,189.9971517488555,0,False
138,4.611139400291351,179.71983337402344,315.19989013671875,125.96284484863281,312.0218811035156,152.84133911132812,313.6513366699219,0.06083295405392913,53.94148254394531,188.45254021890673,0,False
139,4.64455345391665,186.17755126953125,315.41485595703125,132.0439910888672,312.1050109863281,159.11077880859375,313.7183837890625,0.060904119140182164,54.06690216064453,183.30265098524728,0,False
140,4.6779675075419505,192.08978271484375,315.4539489746094,138.0903778076172,312.1649475097656,165.090087890625,313.8094482421875,0.061938455454257475,54.0994758605957,182.21625575203464,0,False
141,4.71138156116725,198.2669677734375,315.6429443359375,144.30374145507812,312.2962646484375,171.2853546142578,313.9696044921875,0.0625959602782975,54.23978805541992,178.8281261292539,0,False
142,4.744795614792549,204.1620635986328,315.9041748046875,149.90821838378906,312.45233154296875,177.03514099121094,314.1782531738281,0.061938455454257475,54.36354446411133,169.68134508486168,0,False
143,4.778209668417849,209.83346557617188,316.07061767578125,155.40696716308594,312.4999694824219,182.62020874023438,314.2935791015625,0.06353829548219332,54.36354446411133,166.23746647616534,0,False
144,4.811623722043149,215.34580993652344,316.08721923828125,160.9393310546875,312.6966247558594,188.142578125,314.38360595703125,0.06353829548219332,54.36354446411133,165.8547602090179,0,False
145,4.845037775668448,220.6636962890625,316.2448425292969,166.5360565185547,312.90960693359375,193.59988403320312,314.61920166015625,0.06193522727964405,54.5109977722168,164.36950189047897,0,False
146,4.878451829293748,226.3265838623047,316.25146484375,172.1201171875,312.9869384765625,199.22335815429688,314.6405944824219,0.06015127726791568,54.5109977722168,162.13171929333134,0,False
147,4.911865882919048,231.7008819580078,316.37158203125,177.16806030273438,313.1705017089844,204.43447875976562,314.7076721191406,0.05785846385444117,54.35714340209961,156.7646471340297,0,False
148,4.945279936544347,237.0217742919922,316.4896545410156,182.37074279785156,313.3240966796875,209.69625854492188,314.9068603515625,0.05785846385444117,54.61941146850586,156.44606900079464,0,False
149,4.9786939901696465,242.0184326171875,316.59490966796875,187.7494354248047,313.5005798339844,214.88394165039062,315.0477294921875,0.05756376935976894,54.654964447021484,151.10250696859222,0,False
150,5.012108043794947,247.07322692871094,316.6945495605469,192.51063537597656,313.5305480957031,219.79193115234375,315.1186828613281,0.05785846385444117,54.74263381958008,145.92526066275266,0,False
151,5.045522097420246,251.97421264648438,316.7068176269531,197.29696655273438,313.54364013671875,224.63558959960938,315.11907958984375,0.05756376935976894,54.76795959472656,145.31976527767637,0,False
152,5.0789361510455455,256.8849792480469,316.8439025878906,202.1200714111328,313.64935302734375,229.50253295898438,315.24664306640625,0.05814769450214569,54.81968307495117,139.5881932466325,0,False
153,5.112350204670846,261.3294982910156,316.8581237792969,206.59274291992188,313.8030700683594,233.96112060546875,315.35101318359375,0.05756376935976894,54.858001708984375,136.61497100955683,0,False
154,5.145764258296145,266.1297607421875,317.01617431640625,211.13182067871094,313.8439025878906,238.63079833984375,315.40960693359375,0.057473004254402126,54.858001708984375,134.07169732274403,0,False
155,5.1791783119214445,270.3551940917969,317.0296936035156,215.48526000976562,313.88836669921875,242.92022705078125,315.45904541015625,0.057473004254402126,54.955169677734375,123.91048297160218,0,False
156,5.212592365546745,274.16705322265625,317.0810546875,219.65467834472656,313.9446105957031,246.91085815429688,315.5128173828125,0.057473004254402126,54.959781646728516,123.61931746107605,0,False
157,5.246006419172044,278.5860595703125,317.1985778808594,223.72354125976562,314.0417785644531,251.15480041503906,315.63665771484375,0.0571879969346975,54.959781646728516,123.24886860974821,0,False
158,5.2794204727973435,282.7138977050781,317.2315673828125,227.62554931640625,314.22314453125,255.1697235107422,315.7110900878906,0.05553074190684395,55.159420013427734,117.36225947542407,0,False
159,5.312834526422644,286.5495300292969,317.28631591796875,231.44451904296875,314.2236022949219,258.99700927734375,315.7547302246094,0.05553074190684395,55.16862106323242,115.4446448324788,0,False
160,5.346248580047943,290.421875,317.28631591796875,235.34706115722656,314.257080078125,262.88446044921875,315.7680358886719,0.05539429931934703,55.19008255004883,111.4193874685257,0,False
161,5.3796626336732425,294.074951171875,317.3329772949219,238.81060791015625,314.2790222167969,266.4427795410156,315.8059997558594,0.05539429931934703,55.19008255004883,104.11565663624472,0,False
162,5.413076687298543,297.5175476074219,317.3354797363281,242.16648864746094,314.30633544921875,269.8420104980469,315.8328857421875,0.05463188572280462,55.35007858276367,102.21410968883843,0,False
163,5.446490740923842,300.7861328125,317.3858337402344,245.7607421875,314.33026123046875,273.2734375,315.8460693359375,0.05463188572280462,55.35108947753906,98.96655972663862,0,False
164,5.4799047945491415,304.0896301269531,317.4145202636719,248.8211212158203,314.39208984375,276.45538330078125,315.9033203125,0.05463188572280462,55.43348693847656,93.54181263825622,0,False
165,5.513318848174441,307.21533203125,317.47149658203125,251.83326721191406,314.39208984375,279.5242919921875,315.91387939453125,0.05575386570074276,55.469017028808594,88.91544676042909,0,False
166,5.546732901799741,310.1448974609375,317.47149658203125,254.64955139160156,314.4211730957031,282.397216796875,315.95416259765625,0.05575386570074276,55.57895278930664,86.90245544277172,0,False
167,5.5801469554250405,313.0773010253906,317.4958801269531,257.5857238769531,314.4656677246094,285.3315124511719,315.9735107421875,0.05575386570074276,55.58171081542969,83.18387613834295,0,False
168,5.61356100905034,315.79595947265625,317.4958801269531,260.1165466308594,314.4656677246094,287.95623779296875,315.95416259765625,0.05575386570074276,55.758941650390625,77.54149589374109,0,False
169,5.64697506267564,318.3638000488281,317.4958801269531,262.6630554199219,314.4631042480469,290.513427734375,315.95416259765625,0.05608055315737142,55.77289581298828,75.76412106948706,0,False
170,5.6803891163009395,320.9314270019531,317.5353698730469,265.10693359375,314.4631042480469,293.0191650390625,316.0040283203125,0.05706803056182494,55.77289581298828,71.4270081781023,0,False
171,5.713803169926239,323.1275634765625,317.5826110839844,267.4454650878906,314.3788146972656,295.2864990234375,316.0040283203125,0.05729766182417988,55.77948760986328,65.66786542391677,0,False
172,5.747217223551539,325.1997375488281,317.5826110839844,269.6153869628906,314.3594970703125,297.4075622558594,315.980712890625,0.05742987936800733,55.8169059753418,63.961359858603075,0,False
173,5.7806312771768384,327.42327880859375,317.64422607421875,271.6983947753906,314.3594970703125,299.56085205078125,315.980712890625,0.05890843446143509,55.77289581298828,61.02967335490228,0,False
174,5.814045330802138,329.3788146972656,317.6485595703125,273.5928649902344,314.2162780761719,301.48583984375,315.9383544921875,0.059103538277319935,55.8169059753418,57.57068810467888,0,False
175,5.847459384427438,331.2259521484375,317.6551513671875,275.5899658203125,314.2162780761719,303.407958984375,315.9383544921875,0.06023205160250054,55.8169059753418,55.20993107700822,0,False
176,5.880873438052737,333.1037292480469,317.66046142578125,277.24713134765625,314.2162780761719,305.1754150390625,315.9383544921875,0.06023205160250054,55.88288497924805,51.46644034036139,0,False
177,5.914287491678037,334.6736755371094,317.66046142578125,279.0209045410156,314.280517578125,306.8472900390625,315.96087646484375,0.06023205160250054,55.95588684082031,49.9037918149812,0,False
178,5.947701545303337,336.4393005371094,317.6551513671875,280.581298828125,314.280517578125,308.51031494140625,315.96087646484375,0.05994286020994623,55.96262741088867,45.25661711708703,0,False
179,5.981115598928636,337.87054443359375,317.66619873046875,281.87286376953125,314.280517578125,309.8717041015625,315.96087646484375,0.05994286020994623,56.09843444824219,41.46784229190867,0,False
180,6.014529652553936,339.3245544433594,317.6412048339844,283.2384948730469,314.2378234863281,311.2815246582031,315.954345703125,0.0594017470375735,56.14003372192383,39.811549150286915,1,False
181,6.047943706179235,340.60101318359375,317.6412048339844,284.46343994140625,314.2378234863281,312.5322265625,315.954345703125,0.05994286020994623,56.14003372192383,33.0749150663206,0,False
182,6.081357759804535,341.5123291015625,317.6714172363281,285.4713134765625,314.22845458984375,313.4918212890625,315.9414978027344,0.06072744154880097,56.14003372192383,29.07055956419616,0,False
183,6.114771813429835,342.45269775390625,317.6714172363281,286.49713134765625,314.2168884277344,314.47491455078125,315.9414978027344,0.06182164203917804,56.06725311279297,26.340578542638905,0,False
184,6.148185867055134,343.2312927246094,317.6446533203125,287.2716979980469,314.205078125,315.2514953613281,315.8948974609375,0.06189870105993637,56.06725311279297,20.127985379605544,0,False
185,6.181599920680434,343.76824951171875,317.6714172363281,287.869140625,314.1481628417969,315.8186950683594,315.881591796875,0.061980277000556236,56.06725311279297,17.877181035645823,0,False
186,6.215013974305734,344.4263000488281,317.6446533203125,288.4659423828125,314.1184997558594,316.44610595703125,315.88043212890625,0.062928436723814,56.07134246826172,13.588961618614947,0,False
187,6.248428027931033,344.7103576660156,317.6426086425781,288.74310302734375,314.03912353515625,316.72674560546875,315.8699951171875,0.06410752088448866,56.086910247802734,8.613720210275229,2,False
188,6.281842081556333,345.0140075683594,317.6426086425781,288.8174743652344,314.0145263671875,316.9157409667969,315.82855224609375,0.0644711325565235,56.086910247802734,8.10301676034537,0,False
189,6.315256135181633,345.3134765625,317.60845947265625,289.2850646972656,314.0116882324219,317.29925537109375,315.81005859375,0.0644711325565235,56.143741607666016,7.070256613736131,0,False
190,6.348670188806932,345.420654296875,317.5690002441406,289.4899597167969,314.006591796875,317.455322265625,315.78289794921875,0.06441002352948859,56.143741607666016,5.415031932682814,0,False
191,6.382084242432232,345.71014404296875,317.5592041015625,289.5478210449219,313.9591369628906,317.62896728515625,315.7640686035156,0.06441002352948859,56.143741607666016,4.9814956908783055,3,False
192,6.415498296057532,345.7242126464844,317.5436096191406,289.7566833496094,313.9051208496094,317.7404479980469,315.724365234375,0.06496198809566592,56.26549530029297,4.355528820691677,0,False
193,6.448912349682831,346.0404357910156,317.49261474609375,289.8044738769531,313.6713562011719,317.9310302734375,315.5647888183594,0.06679015745439493,56.274574279785156,4.238626620887787,0,False
194,6.4823264033081305,346.0575866699219,317.4625549316406,289.900390625,313.6670837402344,317.97039794921875,315.5589599609375,0.06716182278763344,56.373844146728516,2.2792055567696394,0,False
195,6.515740456933431,346.1827697753906,317.4508361816406,289.9417724609375,313.636962890625,318.08251953125,315.5489501953125,0.06818232177209137,56.373844146728516,2.1925401983481243,0,False
196,6.54915451055873,346.21575927734375,317.4480895996094,289.9729919433594,313.6204528808594,318.0943603515625,315.54150390625,0.06818232177209137,56.336238861083984,1.873245132602294,0,False
197,6.5825685641840295,346.2447509765625,317.4480895996094,289.9822692871094,313.6102600097656,318.1070251464844,315.5291748046875,0.06818232177209137,56.336238861083984,1.5934216143930953,0,False
198,6.61598261780933,346.21575927734375,317.3568420410156,290.05413818359375,313.5697326660156,318.1585388183594,315.4632873535156,0.06727406264634021,56.331390380859375,1.5139827509042298,3,False
199,6.649396671434629,346.2447509765625,317.2860107421875,290.1539611816406,313.50848388671875,318.1707763671875,315.3972473144531,0.06727406264634021,56.21784973144531,0.9893342919350434,3,False
200,6.6828107250599285,346.2541198730469,317.27020263671875,290.1642761230469,313.4729919433594,318.1993408203125,315.36492919921875,0.06727406264634021,56.19063186645508,0.9893342919350434,4,False
201,6.716224778685229,346.2541198730469,317.27020263671875,290.1977844238281,313.4713134765625,318.22845458984375,315.36492919921875,0.06785854838476195,56.17902374267578,1.0978054119861684,4,False
202,6.749638832310528,346.2541198730469,317.2699890136719,290.205322265625,313.45989990234375,318.22845458984375,315.35870361328125,0.06796692921434712,56.145652770996094,0.9893342919350434,0,False
203,6.7830528859358274,346.2541198730469,317.2699890136719,290.248779296875,313.4472351074219,318.22845458984375,315.35870361328125,0.06810236157265843,56.145652770996094,0.8851343391599076,0,False
204,6.816466939561128,346.19140625,317.2422790527344,290.2560119628906,313.40386962890625,318.2252502441406,315.32305908203125,0.06838169402958386,56.06333923339844,0.8851343391599076,0,False
205,6.849880993186427,346.19140625,317.1955261230469,290.2560119628906,313.3603515625,318.2252502441406,315.2779541015625,0.0684629180258048,56.06333923339844,0.8851343391599076,0,False
206,6.883295046811726,346.19140625,317.1723327636719,290.25909423828125,313.3343505859375,318.2252502441406,315.24969482421875,0.0684629180258048,56.06333923339844,1.044206309059496,0,False
207,6.916709100437027,346.20037841796875,317.1650695800781,290.25909423828125,313.32275390625,318.2277526855469,315.24664306640625,0.06838169402958386,56.07766342163086,1.0978054119861684,0,False
208,6.950123154062326,346.25048828125,317.0986022949219,290.262939453125,313.3209228515625,318.2644348144531,315.20538330078125,0.06754574721144875,56.093109130859375,1.0978054119861684,0,False
209,6.983537207687625,346.263671875,317.0622253417969,290.27838134765625,313.3121643066406,318.2795104980469,315.1925048828125,0.06671491346810693,56.100032806396484,1.044206309059496,0,False
210,7.016951261312925,346.3056640625,316.9954833984375,290.29534912109375,313.29571533203125,318.2843017578125,315.13848876953125,0.06617337301069286,56.1656494140625,0.9119457914309523,0,False
211,7.050365314938225,346.3634948730469,316.96478271484375,290.29852294921875,313.2815246582031,318.33099365234375,315.1284484863281,0.06617337301069286,56.1656494140625,0.9119457914309523,0,False
212,7.083779368563524,346.3634948730469,316.961181640625,290.3354797363281,313.2554016113281,318.3616943359375,315.0977783203125,0.06617337301069286,56.1656494140625,0.9119457914309523,1,False
213,7.117193422188824,346.3686218261719,316.9493713378906,290.3798522949219,313.1946716308594,318.3675842285156,315.0797119140625,0.06636338695303959,56.145694732666016,0.40427631247826873,0,False
214,7.150607475814124,346.3686218261719,316.9401550292969,290.3798522949219,313.1946716308594,318.3675842285156,315.0714111328125,0.06694541462664554,56.11555862426758,0.3735461010834799,0,False
215,7.184021529439423,346.3686218261719,316.9493713378906,290.3798522949219,313.1934814453125,318.3675842285156,315.05474853515625,0.06716187784985847,56.11555862426758,0.3735461010834799,2,False
216,7.217435583064723,346.37982177734375,316.9313049316406,290.330322265625,313.1531677246094,318.3572692871094,315.052490234375,0.06716187784985847,56.145694732666016,0.3735461010834799,0,False
217,7.250849636690023,346.38421630859375,316.9313049316406,290.330322265625,313.1531677246094,318.3572692871094,315.04327392578125,0.06719379821187026,56.15935516357422,0.3735461010834799,1,False
218,7.284263690315322,346.38421630859375,316.92864990234375,290.330322265625,313.1531677246094,318.3572692871094,315.042236328125,0.06719379821187026,56.176692962646484,0.3735461010834799,1,False
219,7.317677743940622,346.3870544433594,316.92864990234375,290.330322265625,313.1531677246094,318.3707275390625,315.042236328125,0.06730533757472205,56.176692962646484,0.885780232532977,0,False
220,7.351091797565922,346.4637451171875,316.88623046875,290.35443115234375,313.1181640625,318.398681640625,314.99993896484375,0.06719379821187026,56.176692962646484,1.7127464183635703,0,False
221,7.384505851191221,346.4831848144531,316.88604736328125,290.4770202636719,313.1136779785156,318.47039794921875,314.9859619140625,0.06706358760035486,56.20298385620117,1.7526844422025236,0,False
222,7.417919904816521,346.5645446777344,316.8537292480469,290.4770202636719,313.1136779785156,318.52520751953125,314.974609375,0.06651463532640702,56.295555114746094,1.7526844422025236,0,False
223,7.451333958441821,346.8207092285156,316.8327331542969,290.48583984375,313.1181640625,318.62506103515625,314.97186279296875,0.06624081589156432,56.25159454345703,1.7526844422025236,0,False
224,7.48474801206712,346.8405456542969,316.8210754394531,290.50726318359375,313.1226806640625,318.67388916015625,314.97186279296875,0.06553375171017975,56.28943634033203,1.7526844422025236,0,False
225,7.51816206569242,346.8521728515625,316.8174133300781,290.7060241699219,313.1226806640625,318.7859191894531,314.9642333984375,0.06553375171017975,56.311241149902344,1.7526844422025236,0,False
226,7.551576119317719,346.8746337890625,316.7884826660156,290.7132568359375,313.1226806640625,318.79034423828125,314.9593200683594,0.06553375171017975,56.311241149902344,1.2959786563173574,0,False
227,7.584990172943019,346.90155029296875,316.7777404785156,290.71966552734375,313.06304931640625,318.8074035644531,314.918212890625,0.06571890865600331,56.28943634033203,1.2959786563173574,0,False
228,7.618404226568319,346.9093017578125,316.7659912109375,290.76300048828125,313.06304931640625,318.86627197265625,314.91766357421875,0.06571890865600331,56.28943634033203,1.2959245088559523,0,False
229,7.651818280193618,346.9336853027344,316.754638671875,290.8527526855469,313.05865478515625,318.8932189941406,314.9145202636719,0.06600879580829754,56.201148986816406,1.2853100755448177,0,False
230,7.685232333818918,346.9406433105469,316.74237060546875,290.87066650390625,313.0335693359375,318.90118408203125,314.8831481933594,0.06571890865600331,56.201148986816406,1.2853100755448177,0,False
231,7.718646387444218,346.9406433105469,316.74237060546875,290.8740539550781,312.9436340332031,318.9197998046875,314.83209228515625,0.06593240771521867,56.201148986816406,1.2959245088559523,0,False
232,7.752060441069517,346.96551513671875,316.6472473144531,290.8740539550781,312.9296569824219,318.9213562011719,314.7954406738281,0.06593240771521867,56.20684814453125,1.2853100755448177,0,False
233,7.785474494694817,346.97015380859375,316.6252136230469,290.88983154296875,312.9218444824219,318.931640625,314.7715759277344,0.06623036539843889,56.20684814453125,0.9227237780959764,0,False
234,7.818888548320117,346.97344970703125,316.6134948730469,290.88983154296875,312.90533447265625,318.94964599609375,314.7652587890625,0.06623036539843889,56.20684814453125,0.9227237780959764,0,False
235,7.852302601945416,346.97344970703125,316.57196044921875,290.92425537109375,312.79827880859375,318.94964599609375,314.68511962890625,0.06723638633672846,56.19535827636719,0.9227237780959764,0,False
236,7.885716655570716,346.97344970703125,316.5709533691406,290.92425537109375,312.7567138671875,318.95123291015625,314.663818359375,0.06738838097478786,56.18144226074219,0.9122438165444792,0,False
237,7.919130709196016,346.97015380859375,316.5490417480469,290.9291687011719,312.7567138671875,318.95123291015625,314.64825439453125,0.06738838097478786,56.16789627075195,0.7767749608105127,0,False
238,7.952544762821315,346.9579162597656,316.5398254394531,290.9707946777344,312.72705078125,318.95166015625,314.6380615234375,0.06766486558840581,56.117427825927734,0.7767749608105127,0,False
239,7.985958816446615,346.9292907714844,316.46563720703125,290.9707946777344,312.72705078125,318.95123291015625,314.5963439941406,0.06738838097478786,56.11547088623047,0.634587174009214,0,False
240,8.019372870071914,346.9292907714844,316.4606018066406,290.9707946777344,312.6686096191406,318.94342041015625,314.5646057128906,0.06766486558840581,56.11547088623047,0.5933703421338717,0,False
241,8.052786923697214,346.9292907714844,316.4312438964844,290.93701171875,312.65716552734375,318.93157958984375,314.53863525390625,0.06766486558840581,56.11547088623047,0.634587174009214,0,False
242,8.086200977322514,346.931396484375,316.42620849609375,290.90223693847656,312.6353302001953,318.918212890625,314.53050231933594,0.06773745153044666,56.155330657958984,0.7056810674098634,0,False
243,8.119615030947813,346.9335021972656,316.4211730957031,290.8674621582031,312.6134948730469,318.90484619140625,314.5223693847656,0.0678100374724875,56.1951904296875,0.634587174009214,3,False
