phase_pct,alpha_mag_mean,alpha_mag_std,omega2_mean,omega2_std,feedback_mean,feedback_std,turn_ff_mean,turn_ff_std,required_v_mean,required_v_std,motor_v_mean,motor_v_std,speed_error_mean,speed_error_std,speed_delta_mean,speed_delta_std,acceleration_mean,acceleration_std
0.0,1874.0234375,0.0,4.062744140625,0.0,0.05268096923828125,0.06987601431524029,0.0003919765625000071,0.0,0.05307294580078126,0.06987601431524029,-0.0235748291015625,0.15847659831391028,0.048095703125,0.034865982421180844,-0.0181884765625,0.03533192294532789,-1.1134292140151518,3.433668945472316
0.5,2051.50390625,0.0,7.763304748535156,0.0,0.052395324707031246,0.06757827518906745,0.0003919765625000071,0.0,0.05278730126953125,0.06757827518906745,-0.02379699707031251,0.1565633578464949,0.047841796875,0.03369661135064048,-0.0179345703125,0.03389895417786103,-0.7043826941287882,3.1951412066897142
1.0,2228.984375,0.0,11.463865356445313,0.0,0.052109680175781256,0.06611541727058266,0.0003919765625000071,0.0,0.05250165673828126,0.06611541727058266,-0.024019165039062505,0.15501052823453199,0.047587890625,0.032946774358703315,-0.0176806640625,0.03286543545270673,-0.2953361742424243,3.024890299537717
1.5,2406.46484375,0.0,15.164425964355472,1.7763568394002505e-15,0.05182403564453124,0.06554336538953015,0.0003919765625000071,0.0,0.052216012207031245,0.06554336538953015,-0.0242413330078125,0.153829024385145,0.047333984375,0.032645393282600896,-0.0174267578125,0.03226976973026797,0.11371034564393961,2.93482272169092
2.0,2576.328125,0.0,19.596694946289062,0.0,0.05111328125,0.06539318303034974,0.0003919765625000071,0.0,0.05150525781250001,0.06539318303034974,-0.024902954101562503,0.15268712477178256,0.046865234374999995,0.0325342247562019,-0.0169580078125,0.03193798611265381,0.5282884433275065,2.897319236992427
2.5,2704.296875,0.0,28.053359985351562,0.0,0.04806442260742187,0.06301056796118362,0.0003919765625000071,0.0,0.04845639916992188,0.06301056796118362,-0.0279815673828125,0.14986524610574922,0.045214843750000004,0.031171050479089902,-0.0153076171875,0.03076508034397882,0.9732902188956905,2.7435294051908556
3.0,2832.265625,0.0,36.51002502441406,0.0,0.04501556396484375,0.06079414748048731,0.0003919765625000071,0.0,0.045407540527343755,0.06079414748048731,-0.0310601806640625,0.1470962289909149,0.043564453125,0.029887093430597228,-0.0136572265625,0.029688225586707664,1.4182919944638754,2.6642208035242225
3.5,2960.234375,0.0,44.96669006347656,0.0,0.04196670532226562,0.05876273024720449,0.0003919765625000071,0.0,0.042358681884765624,0.05876273024720449,-0.034138793945312496,0.14438311483725025,0.0419140625,0.028692990045739265,-0.012006835937499998,0.028718228822115447,1.863293770032059,2.6660486566076527
4.0,3072.890625,0.0,55.36684997558593,7.105427357601002e-15,0.04123168945312499,0.05700825474543881,0.0003919765625000071,0.0,0.041623666015625,0.05700825474543881,-0.0349127197265625,0.14234612117340656,0.04143554687499999,0.027716947856064714,-0.011528320312500003,0.028010981977628226,2.2333688446969786,2.7749017437422885
4.5,3151.09375,0.0,70.1398733520508,1.4210854715202004e-14,0.04570281982421875,0.05643015310711849,0.0003919765625000071,0.0,0.046094796386718755,0.05643015310711849,-0.0305010986328125,0.14209897458735132,0.043593749999999994,0.02751722489947365,-0.013686523437499997,0.02814624704376448,2.434858842329551,2.9956374384120292
5.0,3229.296875,0.0,84.91289672851563,1.4210854715202004e-14,0.0501739501953125,0.05730757780463589,0.0003919765625000071,0.0,0.050565926757812504,0.05730757780463589,-0.026089477539062503,0.14243510294051584,0.045751953124999994,0.028050769758627192,-0.015844726562499998,0.028991151824602043,2.636348839962124,3.250001969025507
5.5,3307.5,0.0,99.68592010498047,0.0,0.054645080566406254,0.05957625358769657,0.0003919765625000071,0.0,0.05503705712890626,0.05957625358769657,-0.021677856445312498,0.14335040329838636,0.04791015625,0.02927752127666741,-0.0180029296875,0.03048675279127856,2.8378388375946972,3.5307346397294816
6.0,3364.84375,0.0,117.669794921875,0.0,0.0570343017578125,0.058667122026760964,0.0003919765625000071,0.0,0.05742627832031251,0.058667122026760964,-0.0193243408203125,0.14313724377866927,0.049013671875000005,0.029113860328900606,-0.0191064453125,0.030227134685370634,2.949287041083917,3.763043276040158
6.5,3397.8515625,0.0,139.3996630859375,0.0,0.05699462890625,0.053758936225113,0.0003919765625000071,0.0,0.057386605468750004,0.053758936225113,-0.0193719482421875,0.1415602857938131,0.04888671875,0.027275841665175087,-0.0189794921875,0.02783622972376234,2.9556864847392257,3.9390474295471085
7.0,3430.859375,0.0,161.12953125,0.0,0.0569549560546875,0.05028190956000238,0.0003919765625000071,0.0,0.057346932617187506,0.05028190956000238,-0.0194195556640625,0.14063588637361096,0.04875976562499999,0.026250034513904952,-0.0188525390625,0.026168106491015627,2.9620859283945338,4.138685965820058
7.5,3463.8671875,0.0,182.85939941406247,2.842170943040401e-14,0.056915283203125,0.0485445447165419,0.0003919765625000071,0.0,0.05730725976562501,0.0485445447165419,-0.019467163085937496,0.14037693764557513,0.048632812500000004,0.0261322632690556,-0.0187255859375,0.025365764478145144,2.9684853720498423,4.358712575028748
8.0,3474.0625,0.0,208.664541015625,0.0,0.053838500976562495,0.047803356657566,0.0003919765625000071,0.0,0.0542304775390625,0.047803356657566,-0.0225714111328125,0.14161986354950662,0.047001953125,0.026037864916181406,-0.017094726562500002,0.02495457097917778,3.141424005681835,4.364393620697093
8.5,3470.0,0.0,237.01672851562495,5.684341886080802e-14,0.048863525390624996,0.047771486240940436,0.0003919765625000071,0.0,0.049255501953125,0.047771486240940436,-0.027586059570312498,0.14380536820802925,0.044431152343749995,0.025972364846572893,-0.014523925781249999,0.024813098232446734,3.4184496330492555,4.244107233564794
9.0,3465.9375,0.0,265.368916015625,0.0,0.0438885498046875,0.04886640607161812,0.0003919765625000071,0.0,0.04428052636718751,0.04886640607161812,-0.0326007080078125,0.14633996354379658,0.041860351562499995,0.026423160623215602,-0.011953124999999998,0.02521260459170872,3.6954752604166763,4.144837431184067
9.5,3461.875,0.0,293.7211035156251,5.684341886080802e-14,0.03891357421874999,0.05101561664622123,0.0003919765625000071,0.0,0.03930555078125,0.05101561664622123,-0.037615356445312505,0.1492058603588994,0.03928955078125,0.027364748385168437,-0.00938232421875,0.026128286816575308,3.972500887784096,4.068123036392098
10.0,3435.9375,0.0,326.32363281249997,5.684341886080802e-14,0.033526611328125,0.051262134926753376,0.0003919765625000071,0.0,0.033918587890625004,0.051262134926753376,-0.0430084228515625,0.14868662053805604,0.0364990234375,0.026965760296261028,-0.006591796874999998,0.02613335807014125,4.460659782925411,3.8235700504042085
10.5,3403.4375,0.0,360.2012646484376,5.684341886080802e-14,0.02801605224609375,0.052328405891749794,0.0003919765625000071,0.0,0.028408028808593756,0.052328405891749794,-0.0485150146484375,0.14764127959069856,0.033642578124999996,0.026807558471308553,-0.0037353515624999976,0.026534138965915905,5.012158658398894,3.613029011565095
11.0,3370.9375,0.0,394.07889648437504,0.0,0.0225054931640625,0.05506401781927528,0.0003919765625000071,0.0,0.022897469726562508,0.05506401781927528,-0.0540216064453125,0.1472272419970756,0.03078613281249999,0.02748078411818752,-0.0008789062499999982,0.0277529097397631,5.563657533872377,3.5189688423094276
11.5,3338.4375,0.0,427.95652832031243,5.684341886080802e-14,0.016994934082031253,0.05923815040105422,0.0003919765625000071,0.0,0.01738691064453126,0.05923815040105422,-0.05952819824218751,0.1474498259330535,0.0279296875,0.028927446171911005,0.0019775390625000008,0.02968910253114633,6.115156409345859,3.5506586930523976
12.0,3281.5625,0.0,465.46749999999986,1.1368683772161603e-13,0.017069091796875,0.06347191219021668,0.0003919765625000071,0.0,0.017461068359375012,0.06347191219021668,-0.059380493164062506,0.15003907166555225,0.0278857421875,0.03089087122354509,0.0020214843750000007,0.031890522786135043,6.40994910037879,3.5913879130867428
12.5,3222.65625,0.0,503.28125,0.0,0.017608642578125,0.06837658495205821,0.0003919765625000071,0.0,0.018000619140625007,0.06837658495205821,-0.0587615966796875,0.15319070911504185,0.028076171875,0.03324169835449096,0.0018310546875,0.034422745924367684,6.683349609375007,3.6802368231093427
13.0,3163.75,0.0,541.0950000000001,1.1368683772161603e-13,0.018148193359375,0.07388602814841957,0.0003919765625000071,0.0,0.018540169921875006,0.07388602814841957,-0.058142700195312494,0.15672767455793837,0.0282666015625,0.03590848829764635,0.0016406249999999997,0.037235599473676564,6.956750118371225,3.8204160817630077
13.5,3103.4375,0.0,579.02626953125,0.0,0.018458862304687504,0.07896179357974034,0.0003919765625000071,0.0,0.01885083886718751,0.07896179357974034,-0.05739006042480469,0.15990924934550507,0.028347167968749996,0.03841668899181046,0.0015600585937499993,0.039833112231576,7.2051418633450055,3.9967885102848335
14.0,3026.25,0.0,618.3677734375,0.0,0.01602294921875,0.07377674228125936,0.0003919765625000071,0.0,0.016414925781250006,0.07377674228125936,-0.05503250122070313,0.1551659486222223,0.027109375,0.03641117439201143,0.0027978515624999985,0.03754573290386039,7.153428440049553,4.140611000180101
14.5,2949.0625,0.0,657.7092773437499,1.1368683772161603e-13,0.013587036132812503,0.06967925089714198,0.0003919765625000071,0.0,0.01397901269531251,0.06967925089714198,-0.05267494201660154,0.15140850399712474,0.025871582031250003,0.03502677565967244,0.0040356445312499985,0.03583095105517429,7.101715016754101,4.395460335335674
15.0,2871.875,0.0,697.05078125,0.0,0.011151123046875003,0.06686954282170642,0.0003919765625000071,0.0,0.01154309960937501,0.06686954282170642,-0.050317382812500006,0.14871166208029066,0.024633789062499998,0.03433869785848249,0.0052734374999999995,0.03477357923401243,7.050001593458648,4.743474961463915
15.5,2792.8125,0.0,736.3331054687499,1.1368683772161603e-13,0.008274383544921878,0.06442247393064343,0.0003919765625000071,0.0,0.008666360107421885,0.06442247393064343,-0.04762153625488283,0.14586184576062425,0.023168945312499998,0.03362771628090409,0.006738281249999997,0.033796891027721,6.887204185788199,5.085993318272288
16.0,2707.5,0.0,775.4181640625001,1.1368683772161603e-13,0.003928222656249999,0.0592227039677901,0.0003919765625000071,0.0,0.004320199218750006,0.0592227039677901,-0.04379806518554687,0.13973921964299205,0.020947265624999996,0.030786366303758698,0.008959960937499999,0.031115089263395655,6.354126830201088,5.2372922136645
16.5,2622.1875,0.0,814.5032226562499,1.1368683772161603e-13,-0.0004179382324218765,0.05460799958354351,0.0003919765625000071,0.0,-2.5961669921869407e-05,0.05460799958354351,-0.03997459411621093,0.13455686514515164,0.018725585937499997,0.028183254945744873,0.011181640625000003,0.028698191194323167,5.821049474613978,5.4648978668570365
17.0,2536.875,0.0,853.5882812500001,1.1368683772161603e-13,-0.004764099121093756,0.05073824994147706,0.0003919765625000071,0.0,-0.0043721225585937485,0.05073824994147706,-0.03615112304687499,0.13042691210969687,0.016503906249999995,0.02589034240236915,0.013403320312500005,0.026618452941713062,5.287972119026866,5.759771256318578
17.5,2450.0,0.0,891.8769531250001,0.0,-0.01036453247070314,0.05040710612523653,0.0003919765625000071,0.0,-0.009972555908203133,0.05040710612523653,-0.036741638183593765,0.12883741754550398,0.013659667968749992,0.02501737169866598,0.016247558593750006,0.026226928085674506,4.842293123543183,5.827881800643126
18.0,2360.625,0.0,928.8914062499999,1.1368683772161603e-13,-0.017971801757812513,0.05528495716721369,0.0003919765625000071,0.0,-0.017579825195312506,0.05528495716721369,-0.044394531250000015,0.13021999865602227,0.009819335937499993,0.02637468019626053,0.020087890625000007,0.02837342641895246,4.536451504224984,5.493896777753231
18.5,2271.25,0.0,965.9058593749999,2.2737367544323206e-13,-0.025579071044921887,0.06099073898923657,0.0003919765625000071,0.0,-0.02518709448242188,0.06099073898923657,-0.052047424316406264,0.13214333126435587,0.005979003906249993,0.02831239523878779,0.023928222656250008,0.030959069699343176,4.230609884906785,5.220779928045362
19.0,2181.875,0.0,1002.9203125000001,1.1368683772161603e-13,-0.033186340332031265,0.06731424521108773,0.0003919765625000071,0.0,-0.03279436376953126,0.06731424521108773,-0.05970031738281253,0.13458423385670068,0.0021386718749999943,0.030720885286986153,0.027768554687500002,0.03388347335357431,3.9247682655885843,5.018478857152766
19.5,2094.6875,0.0,1038.15208984375,0.0,-0.03578521728515624,0.07137956405133107,0.0003919765625000071,0.0,-0.03539324072265623,0.07137956405133107,-0.062315979003906244,0.13483848907919133,0.0008276367187500006,0.0323512619619958,0.02907958984375,0.03597002953806267,3.784287815049523,4.73037191045743
20.0,2009.375,0.0,1071.8558593750001,0.0,-0.0340911865234375,0.07402039467538855,0.0003919765625000071,0.0,-0.03369920996093749,0.07402039467538855,-0.060614013671875,0.13335227041756675,0.0016845703125000014,0.033547436038311,0.02822265625,0.03757279007251135,3.785545509178292,4.368691406365809
20.5,1924.0625,0.0,1105.5596289062503,2.2737367544323206e-13,-0.03239715576171874,0.0776234290228496,0.0003919765625000071,0.0,-0.03200517919921873,0.0776234290228496,-0.05891204833984376,0.13245903802327907,0.00254150390625,0.03530417614283923,0.027365722656250004,0.03964485031963261,3.7868032033070618,4.084767725157866
21.0,1838.75,0.0,1139.2633984375,0.0,-0.030703125,0.08206202459270254,0.0003919765625000071,0.0,-0.030311148437499994,0.08206202459270254,-0.057210083007812496,0.13217081494322838,0.0033984375000000004,0.03754287303435671,0.026508789062499996,0.04211700172220595,3.788060897435831,3.8956394474534464
21.5,1753.4375,0.0,1170.34416015625,0.0,-0.0299676513671875,0.07975242890423051,0.0003919765625000071,0.0,-0.029575674804687493,0.07975242890423051,-0.05645568847656251,0.12918309992916469,0.00377197265625,0.03656991793707532,0.02613525390625,0.04109419724543762,3.6899038461537907,3.7557004618241216
22.0,1668.125,0.0,1200.259140625,0.0,-0.029658203125,0.07479254498050149,0.0003919765625000071,0.0,-0.029266226562499994,0.07479254498050149,-0.0561224365234375,0.12522450438376573,0.0039306640624999995,0.034401218126043194,0.0259765625,0.03871286889732817,3.5475624635780583,3.675189297557603
22.5,1582.8125,0.0,1230.17412109375,0.0,-0.029348754882812494,0.07062255420500838,0.0003919765625000071,0.0,-0.028956778320312487,0.07062255420500838,-0.0557891845703125,0.12178722206161285,0.004089355468750001,0.032723858858004176,0.02581787109375,0.036741823697909994,3.405221081002326,3.6800352507701026
23.0,1497.5,0.0,1260.0891015625,0.0,-0.029039306640625,0.06738925025151538,0.0003919765625000071,0.0,-0.02864733007812499,0.06738925025151538,-0.05545593261718751,0.11891646725867308,0.004248046875000001,0.031616139674750764,0.0256591796875,0.03524995345254625,3.262879698426593,3.7699091741090784
23.5,1415.625,0.0,1285.607734375,0.0,-0.030829620361328126,0.06653829199560363,0.0003919765625000071,0.0,-0.03043764379882812,0.06653829199560363,-0.05721069335937501,0.11636555114471454,0.0033593749999999995,0.03087029913200965,0.026547851562499995,0.03470579300766243,3.107141881555969,3.877777273213781
24.0,1334.375,0.0,1310.3270312500001,0.0,-0.033001708984375,0.06631399737715975,0.0003919765625000071,0.0,-0.032609732421874996,0.06631399737715975,-0.059345092773437504,0.11393226746168335,0.0022802734375,0.030278351021997007,0.027626953125000003,0.034423171536291416,2.948968349359002,4.015591317860235
24.5,1253.125,0.0,1335.0463281249997,2.2737367544323206e-13,-0.03517379760742187,0.06642049907773048,0.0003919765625000071,0.0,-0.03478182104492186,0.06642049907773048,-0.06147949218750001,0.11163948824646132,0.0012011718750000004,0.02986125332899505,0.028706054687500003,0.03430058522239549,2.790794817162035,4.187959157121874
25.0,1171.875,0.0,1359.765625,0.0,-0.03734588623046875,0.06685621624413653,0.0003919765625000071,0.0,-0.03695390966796874,0.06685621624413653,-0.0636138916015625,0.10949604008422802,0.0001220703125,0.02962639191331284,0.02978515625,0.034339747993197736,2.6326212849650665,4.390813294777254
25.5,1098.75,0.0,1379.8163476562497,2.2737367544323206e-13,-0.03679046630859375,0.06210492585024257,0.0003919765625000071,0.0,-0.03639848974609374,0.06210492585024257,-0.06312194824218749,0.11093312818852047,0.0003442382812500009,0.027324309386402294,0.02956298828125,0.03186835715318647,2.698428280703685,4.517237213030325
26.0,1025.625,0.0,1399.8670703125,0.0,-0.036235046386718754,0.057593930305191214,0.0003919765625000071,0.0,-0.03584306982421875,0.057593930305191214,-0.0626300048828125,0.11267601593563126,0.0005664062500000001,0.02516649120682273,0.029340820312499998,0.029492468422063347,2.7642352764423035,4.715917637364905
26.5,952.5,0.0,1419.91779296875,0.0,-0.035679626464843746,0.05338417958429283,0.0003919765625000071,0.0,-0.03528764990234374,0.05338417958429283,-0.06213806152343749,0.11471076543391474,0.0007885742187499997,0.023193237946844962,0.029118652343750006,0.027237085199895858,2.8300422721809206,4.978210799118787
27.0,881.25,0.0,1439.1806640625,0.0,-0.0360906982421875,0.04981293931929468,0.0003919765625000071,0.0,-0.03569872167968749,0.04981293931929468,-0.0626031494140625,0.11631631629699013,0.000541992187500001,0.021632210097323926,0.029365234374999997,0.02531731265434469,2.932322397654392,5.215528806022407
27.5,820.3125,0.0,1454.1103515625,0.0,-0.04181747436523437,0.04810893239302708,0.0003919765625000071,0.0,-0.041425497802734364,0.04810893239302708,-0.0683319091796875,0.11424993858757028,-0.002282714843749998,0.02132005797472223,0.03218994140625,0.02460593244906299,3.235204736669562,5.117015010111439
28.0,759.375,0.0,1469.0400390625,0.0,-0.04754425048828124,0.046873518800181764,0.0003919765625000071,0.0,-0.04715227392578123,0.046873518800181764,-0.07406066894531249,0.11235872372986366,-0.005107421874999998,0.02129622648599335,0.0350146484375,0.024131505039767288,3.5380870756847322,5.159344851676345
28.5,698.4375,0.0,1483.9697265625,0.0,-0.053271026611328126,0.04614435057263414,0.0003919765625000071,0.0,-0.05287905004882812,0.04614435057263414,-0.0797894287109375,0.11065165353361056,-0.007932128906249997,0.021561671669571125,0.03783935546875,0.023908140693647235,3.8409694146999023,5.339169484188515
29.0,641.25,0.0,1497.8100390625002,2.2737367544323206e-13,-0.056919555664062496,0.04403697665828956,0.0003919765625000071,0.0,-0.05652757910156249,0.04403697665828956,-0.08342346191406251,0.10828879357458611,-0.0097314453125,0.02091761712527615,0.03963867187499999,0.0229695534079038,4.052671774839778,5.513663420134012
29.5,592.5000000000001,0.0,1509.1992578125,0.0,-0.05589202880859375,0.03803268862708207,0.0003919765625000071,0.0,-0.055500052246093744,0.03803268862708207,-0.08234436035156249,0.10429707034767802,-0.009223632812500002,0.01780026668284517,0.039130859375,0.020063996446362784,4.059219182510242,5.44906142885118
30.0,543.7500000000001,0.0,1520.5884765624999,2.2737367544323206e-13,-0.054864501953125,0.03248827867323313,0.0003919765625000071,0.0,-0.05447252539062499,0.03248827867323313,-0.0812652587890625,0.10065896276857264,-0.0087158203125,0.01492574032556015,0.038623046875,0.017439981810359047,4.065766590180706,5.405080251430025
30.5,495.00000000000006,5.684341886080802e-14,1531.9776953125,0.0,-0.053836975097656246,0.02768147131273861,0.0003919765625000071,0.0,-0.05344499853515624,0.02768147131273861,-0.0801861572265625,0.09741409816576087,-0.008208007812500001,0.012463201717720036,0.038115234375,0.015243602599009635,4.072313997851169,5.382225424258959
31.0,450.00000000000006,0.0,1541.6569140625,0.0,-0.055572509765624986,0.02540056380374571,0.0003919765625000071,0.0,-0.05518053320312498,0.02540056380374571,-0.08190490722656249,0.09655002817262358,-0.009077148437499995,0.011394252999942418,0.038984374999999995,0.014311595904851072,3.938369573135256,5.2938205942065615
31.5,409.37500000000006,0.0,1549.3411328125,0.0,-0.06053161621093749,0.025802751966895916,0.0003919765625000071,0.0,-0.060139639648437486,0.025802751966895916,-0.0868878173828125,0.0982535806632366,-0.011552734374999995,0.011791611059122875,0.04145996093749999,0.01465162969774993,3.640518010635235,5.13484116775138
32.0,368.75000000000006,5.684341886080802e-14,1557.0253515625,0.0,-0.06549072265624999,0.02714356336132006,0.0003919765625000071,0.0,-0.06509874609374998,0.02714356336132006,-0.09187072753906249,0.10018468615118215,-0.014028320312499997,0.012708083082559685,0.043935546875,0.015419433276774613,3.3426664481352146,5.012793022565822
32.5,328.12500000000006,5.684341886080802e-14,1564.7095703124999,2.2737367544323206e-13,-0.07044982910156249,0.029294397249349468,0.0003919765625000071,0.0,-0.07005785253906248,0.029294397249349468,-0.09685363769531251,0.1023304628071504,-0.016503906249999995,0.014042394888961399,0.0464111328125,0.01655559683836555,3.0448148856351933,4.930419524827093
33.0,292.50000000000006,0.0,1570.8425390625,0.0,-0.07316162109374999,0.029679264959273158,0.0003919765625000071,0.0,-0.07276964453124998,0.029679264959273158,-0.0995904541015625,0.10312947767644182,-0.017827148437499996,0.014314913183942339,0.04773437499999999,0.01685373732778764,2.819283581002321,4.741461377525748
33.5,260.0,0.0,1576.0059765625,0.0,-0.07446884155273437,0.028869640593496136,0.0003919765625000071,0.0,-0.07407686499023436,0.028869640593496136,-0.10092346191406251,0.10306274810763176,-0.018430175781250006,0.013892530681733429,0.048337402343749995,0.016594134475363124,2.638952437536417,4.4911585713577376
34.0,227.49999999999997,2.842170943040401e-14,1581.1694140625002,2.2737367544323206e-13,-0.07577606201171876,0.02833073787026205,0.0003919765625000071,0.0,-0.07538408544921875,0.02833073787026205,-0.1022564697265625,0.1030757897160763,-0.019033203125000005,0.013619917315261517,0.04894042968750001,0.0164649994142534,2.4586212940705128,4.2738978823597
34.5,194.9999999999999,0.0,1586.3328515625,0.0,-0.07708328247070313,0.028078148965883058,0.0003919765625000071,0.0,-0.07669130590820313,0.028078148965883058,-0.1035894775390625,0.10316857224999575,-0.01963623046875,0.01350614512948731,0.04954345703125,0.016469401388297385,2.2782901506046085,4.094941926553333
35.0,165.62499999999991,0.0,1589.5197265624997,2.2737367544323206e-13,-0.07869644165039064,0.0258720863888349,0.0003919765625000071,0.0,-0.07830446508789063,0.0258720863888349,-0.1051910400390625,0.10834326289269346,-0.0203857421875,0.012858750208790426,0.05029296875000001,0.014956717032805494,1.9791040665064172,3.8569229477248026
35.5,137.18749999999997,0.0,1592.1136328124999,2.2737367544323206e-13,-0.08040138244628907,0.026622195917099398,0.0003919765625000071,0.0,-0.08000940588378906,0.026622195917099398,-0.10687316894531251,0.11552919109186345,-0.02117919921875,0.01385278582563248,0.05108642578125,0.014480199045201574,1.6442615002185401,3.671855074052797
36.0,108.75000000000001,1.4210854715202004e-14,1594.7075390624998,2.2737367544323206e-13,-0.0821063232421875,0.03108314629880181,0.0003919765625000071,0.0,-0.0817143466796875,0.03108314629880181,-0.10855529785156248,0.1231899428209477,-0.021972656249999997,0.016535576584103436,0.0518798828125,0.015831056313999666,1.3094189339306632,3.587828682786306
36.5,80.3125000000001,1.4210854715202004e-14,1597.3014453125,0.0,-0.08381126403808593,0.037968761624053715,0.0003919765625000071,0.0,-0.08341928747558593,0.037968761624053715,-0.11023742675781249,0.1312423966098588,-0.022766113281249997,0.0202465876247279,0.05267333984374999,0.018615636526440084,0.9745763676427863,3.611902482240726
37.0,63.125000000000014,1.4210854715202004e-14,1598.1007421875,0.0,-0.08072799682617188,0.038417222529872064,0.0003919765625000071,0.0,-0.08033602026367187,0.038417222529872064,-0.10713684082031251,0.13013163701228628,-0.021215820312500005,0.02115011131221256,0.051123046874999994,0.018987667598825978,0.6788304468968565,3.4068703718943336
37.5,46.875,0.0,1598.75048828125,0.0,-0.07724571228027344,0.039663249054964524,0.0003919765625000071,0.0,-0.07685373571777343,0.039663249054964524,-0.1036376953125,0.12863936395118555,-0.01947021484375,0.022393748090202555,0.04937744140625,0.019816696919829062,0.386342579946089,3.2066989430715407
38.0,30.62499999999997,0.0,1599.400234375,0.0,-0.073763427734375,0.04224254646169918,0.0003919765625000071,0.0,-0.07337145117187498,0.04224254646169918,-0.10013854980468749,0.12757450839001344,-0.017724609374999995,0.02417035984451675,0.047631835937500006,0.021294248736659582,0.09385471299532161,3.0422364054678015
38.5,15.312499999999988,0.0,1600.0,0.0,-0.07053962707519532,0.04518286091113563,0.0003919765625000071,0.0,-0.07014765051269531,0.04518286091113563,-0.096900634765625,0.12664006554317037,-0.016108398437499998,0.02598426326101458,0.046015625000000004,0.022939455203676993,-0.19176705456004772,2.901382261627077
39.0,11.249999999999998,1.7763568394002505e-15,1600.0,0.0,-0.07041763305664063,0.0400669010632276,0.0003919765625000071,0.0,-0.07002565649414062,0.0400669010632276,-0.09679748535156249,0.12242256501367907,-0.016044921875,0.023547242666106652,0.04595214843749999,0.020800863203146946,-0.39499562937064225,2.592769892696106
39.5,7.187500000000002,1.7763568394002505e-15,1600.0,0.0,-0.07029563903808594,0.03610263603344351,0.0003919765625000071,0.0,-0.06990366247558594,0.03610263603344351,-0.09669433593749999,0.11861442287730471,-0.015981445312500002,0.021658346033428953,0.045888671875,0.019350809562367004,-0.5982242041812368,2.3520818600994775
40.0,3.1250000000000107,0.0,1600.0,0.0,-0.07017364501953124,0.03369899439706626,0.0003919765625000071,0.0,-0.06978166845703124,0.03369899439706626,-0.09659118652343751,0.11525622269856518,-0.015917968750000004,0.020469877488627386,0.045825195312500004,0.018749729790329996,-0.8014527789918312,2.201708225105493
40.5,0.0,0.0,1600.0,0.0,-0.07037460327148438,0.0324529073576449,0.0003919765625000071,0.0,-0.06998262670898438,0.0324529073576449,-0.0967901611328125,0.11302037060678777,-0.01600830078125,0.01950208745078263,0.04591552734375,0.018499226934158196,-0.996213259396837,2.133827233409818
41.0,0.0,0.0,1600.0,0.0,-0.07165206909179687,0.03049340384650958,0.0003919765625000071,0.0,-0.07126009252929687,0.03049340384650958,-0.09799621582031248,0.11339829163832683,-0.016611328124999998,0.017142015788458143,0.04651855468749999,0.01709917644168355,-1.1627467584498787,2.1152953016149354
41.5,0.0,0.0,1600.0,0.0,-0.07292953491210938,0.03034240516048869,0.0003919765625000071,0.0,-0.07253755834960937,0.03034240516048869,-0.09920227050781251,0.11427433798036099,-0.017214355468749998,0.01540380833062573,0.047121582031250005,0.016506168187901734,-1.3292802575029206,2.2478116920793503
42.0,0.0,0.0,1600.0,0.0,-0.07420700073242188,0.03202550256115677,0.0003919765625000071,0.0,-0.07381502416992188,0.03202550256115677,-0.10040832519531251,0.11563718906637217,-0.0178173828125,0.01451265765884019,0.047724609375000004,0.016805851866296583,-1.4958137565559624,2.507542269251832
42.5,0.0,0.0,1600.0,0.0,-0.07481651306152343,0.033893734003705336,0.0003919765625000071,0.0,-0.07442453649902342,0.033893734003705336,-0.10099182128906249,0.11639076036246167,-0.01807861328125,0.0143511863081899,0.04798583984374999,0.017396929719680237,-1.7098380135489744,2.7665308797124633
43.0,0.0,0.0,1600.0,0.0,-0.0743572998046875,0.034182954659305646,0.0003919765625000071,0.0,-0.07396532324218748,0.034182954659305646,-0.1005792236328125,0.11562182512145122,-0.017792968750000002,0.014195416766609369,0.0477001953125,0.01744299664567118,-1.999847483245939,2.9669620407882458
43.5,0.0,0.0,1600.0,0.0,-0.07389808654785157,0.03478206307643703,0.0003919765625000071,0.0,-0.07350610998535156,0.03478206307643703,-0.1001666259765625,0.11494515397663654,-0.017507324218750002,0.014225458721347034,0.04741455078125,0.01763983022083703,-2.289856952942903,3.2500590878549085
44.0,0.0,0.0,1600.0,0.0,-0.07343887329101562,0.035675450558517514,0.0003919765625000071,0.0,-0.07304689672851561,0.035675450558517514,-0.09975402832031251,0.11436238469288613,-0.0172216796875,0.014440152506723031,0.04712890625000001,0.017982480318039326,-2.5798664226398675,3.596352885578999
44.5,0.0,0.0,1600.0,0.0,-0.07168136596679689,0.0355239782681145,0.0003919765625000071,0.0,-0.07128938940429688,0.0355239782681145,-0.0980169677734375,0.11394057957304453,-0.016286621093750005,0.014364319648378764,0.04619384765625001,0.017878804362204476,-3.0370695385343844,3.764388709590369
45.0,0.0,0.0,1600.0,0.0,-0.06881103515625002,0.03431026312566925,0.0003919765625000071,0.0,-0.06841905859375001,0.03431026312566925,-0.09514465332031251,0.11360872975184422,-0.014794921875000006,0.013944939787342483,0.044702148437500006,0.017313116702997722,-3.637581494026808,3.842579159544961
45.5,0.0,0.0,1600.0,0.0,-0.06594070434570312,0.03310645715783842,0.0003919765625000071,0.0,-0.06554872778320311,0.03310645715783842,-0.09227233886718751,0.11329201779819559,-0.013303222656250002,0.013549995379781464,0.04321044921875,0.016758572043254157,-4.238093449519231,4.035655594347697
46.0,0.0,0.0,1600.0,0.0,-0.06307037353515624,0.0319136817269156,0.0003919765625000071,0.0,-0.06267839697265623,0.0319136817269156,-0.08940002441406249,0.11299057100625064,-0.011811523437499999,0.01318168298508483,0.041718750000000006,0.016216313585212434,-4.838605405011652,4.3282706469620456
46.5,0.0,0.0,1600.0,0.0,-0.06155960083007812,0.028243114869979834,0.0003919765625000071,0.0,-0.061167624267578116,0.028243114869979834,-0.0879010009765625,0.1099155938940449,-0.011044921874999999,0.01166337829749798,0.0409521484375,0.014528948693937288,-5.174497946714744,4.342508144016738
47.0,0.0,0.0,1600.0,0.0,-0.06065307617187501,0.024030993351105336,0.0003919765625000071,0.0,-0.060261099609375,0.024030993351105336,-0.08701232910156251,0.10576384465801085,-0.0106005859375,0.010129828490888768,0.040507812500000004,0.012680414936966096,-5.3927818600670205,4.256988170456052
47.5,0.0,0.0,1600.0,0.0,-0.05974655151367188,0.0208452442248554,0.0003919765625000071,0.0,-0.05935457495117187,0.0208452442248554,-0.08612365722656251,0.10182236067525806,-0.010156250000000002,0.00944808447260163,0.0400634765625,0.011426694132535579,-5.611065773419297,4.23205310052041
48.0,0.0,0.0,1600.0,0.0,-0.058840026855468755,0.019203651569893475,0.0003919765625000071,0.0,-0.05844805029296875,0.019203651569893475,-0.08523498535156251,0.09811648521525869,-0.009711914062500004,0.009797602673630395,0.03961914062500001,0.010973586361155245,-5.8293496867715735,4.268764747267841
48.5,0.0,0.0,1600.0,0.0,-0.05655715942382814,0.01991512980934047,0.0003919765625000071,0.0,-0.056165182861328135,0.01991512980934047,-0.0829095458984375,0.0991655083260667,-0.008515625000000006,0.010115151218824534,0.038422851562500006,0.01128767592418697,-5.555752840909099,3.8007588534696386
49.0,0.0,0.0,1600.0,0.0,-0.054024047851562514,0.021719704125050032,0.0003919765625000071,0.0,-0.053632071289062506,0.021719704125050032,-0.08032287597656251,0.10120997469108034,-0.007182617187500006,0.010780196207486744,0.03708984375000001,0.012048517691585678,-5.192723129734845,3.385718971659734
49.5,0.0,0.0,1600.0,0.0,-0.05149093627929688,0.024258294008128553,0.0003919765625000071,0.0,-0.05109895971679687,0.024258294008128553,-0.07773620605468749,0.10341561855098795,-0.005849609375000002,0.011860595801120966,0.0357568359375,0.013171434460713404,-4.829693418560592,3.194580912611748
50.0,0.0,0.0,1600.0,0.0,-0.04895782470703125,0.02732709713888675,0.0003919765625000071,0.0,-0.04856584814453124,0.02732709713888675,-0.0751495361328125,0.1057723574073594,-0.0045166015625,0.013255172259788166,0.034423828125,0.014572966387620496,-4.4666637073863384,3.2668839310155833
50.5,0.0,0.0,1600.0,0.0,-0.04417922973632814,0.026582919041760165,0.0003919765625000071,0.0,-0.04378725317382813,0.026582919041760165,-0.07042053222656251,0.10352619956184213,-0.002104492187500005,0.012874119219235217,0.03201171875000001,0.014310879544806017,-4.307454427083318,3.2933013821310655
51.0,0.0,0.0,1600.0,0.0,-0.03940063476562502,0.026554194526327533,0.0003919765625000071,0.0,-0.03900865820312501,0.026554194526327533,-0.06569152832031251,0.10141857683403298,0.00030761718749999084,0.012847947188992114,0.029599609375000013,0.01437061740576245,-4.1482451467802965,3.3848963146901676
51.5,0.0,0.0,1600.0,0.0,-0.0346220397949219,0.027243186754158495,0.0003919765625000071,0.0,-0.03423006323242189,0.027243186754158495,-0.060962524414062524,0.09945829671514109,0.002719726562499985,0.013178770638295673,0.027187500000000014,0.014748269836332772,-3.989035866477275,3.5366082369549927
52.0,0.0,0.0,1600.0,0.0,-0.02935424804687506,0.028619761882045642,0.0003919765625000071,0.0,-0.02896227148437505,0.028619761882045642,-0.05574279785156257,0.09872179173035271,0.0053710937499999705,0.013640309543173638,0.024536132812500028,0.015369473557351097,-3.9409646343240152,3.644806661701601
52.5,0.0,0.0,1600.0,0.0,-0.021395874023437546,0.03258318799399356,0.0003919765625000071,0.0,-0.02100389746093754,0.03258318799399356,-0.047824096679687546,0.10446024000797863,0.009338378906249977,0.014400649821335071,0.020568847656250024,0.016898759963177037,-4.504152666994476,3.3445523993363513
53.0,0.0,0.0,1600.0,0.0,-0.013437500000000033,0.03938617986575068,0.0003919765625000071,0.0,-0.013045523437500026,0.03938617986575068,-0.03990539550781254,0.11101927843028508,0.013305664062499983,0.01702863970710381,0.016601562500000017,0.019904538259164575,-5.067340699664937,3.250231580778972
53.5,0.0,0.0,1600.0,0.0,-0.005479125976562516,0.0478321214654024,0.0003919765625000071,0.0,-0.005087149414062509,0.0478321214654024,-0.031986694335937524,0.11826245170983532,0.017272949218749993,0.020828960834052623,0.012634277343750009,0.023834604726794367,-5.6305287323353985,3.379132925995019
54.0,0.0,0.0,1600.0,0.0,-5.493164062499948e-05,0.054344980226491715,0.0003919765625000071,0.0,0.00033704492187500764,0.054344980226491715,-0.026567993164062494,0.12311154266429992,0.019951171875000003,0.023862813745497303,0.0099560546875,0.02695341823252515,-6.077086975524504,3.5598637970133415
54.5,0.0,0.0,1600.0,0.0,-0.0003326416015625002,0.05479133425266964,0.0003919765625000071,0.0,5.9334960937506946e-05,0.05479133425266964,-0.026774291992187498,0.12151714348963236,0.01972900390625,0.023941891971988115,0.01017822265625,0.027227556273441027,-6.26122819238056,3.5083948868875336
55.0,0.0,0.0,1600.0,0.0,-0.0006103515624999965,0.05542353681294262,0.0003919765625000071,0.0,-0.0002183749999999894,0.05542353681294262,-0.026980590820312497,0.11998854746253294,0.0195068359375,0.02413145761585807,0.010400390624999999,0.027595753857268104,-6.4453694092366165,3.5206636065537458
55.5,0.0,0.0,1600.0,0.0,-0.0008880615234374972,0.05623532027846275,0.0003919765625000071,0.0,-0.0004960849609374901,0.05623532027846275,-0.027186889648437504,0.11852830049422627,0.01928466796875,0.024428938705050442,0.010622558593749998,0.028054307786862413,-6.6295106260926735,3.596017644256846
56.0,0.0,0.0,1600.0,0.0,-0.00443786621093744,0.05409991840591183,0.0003919765625000071,0.0,-0.004045889648437433,0.05409991840591183,-0.030718383789062442,0.1156834289105858,0.01746582031250003,0.023418957814255886,0.01244140624999997,0.02722350093753372,-6.382547302957485,3.30827116746409
56.5,0.0,0.0,1600.0,0.0,-0.011805114746093706,0.04953146034848138,0.0003919765625000071,0.0,-0.011413138183593699,0.04953146034848138,-0.03812927246093745,0.11174159869880562,0.013784179687500023,0.02148995566280544,0.016123046874999977,0.025431712548977674,-5.632628683165829,2.6402116803545352
57.0,0.0,0.0,1600.0,0.0,-0.01917236328124997,0.04691578070220185,0.0003919765625000071,0.0,-0.018780386718749962,0.04691578070220185,-0.04554016113281248,0.10866497138361358,0.010102539062500018,0.020725241885366986,0.019804687499999987,0.024632739404823363,-4.882710063374174,2.2040697315953963
57.5,0.0,0.0,1600.0,0.0,-0.026539611816406232,0.04658300028398829,0.0003919765625000071,0.0,-0.026147635253906225,0.04658300028398829,-0.05295104980468748,0.10652853656471813,0.006420898437500012,0.02125088128899074,0.023486328124999987,0.02492225000942384,-4.132791443582518,2.146223453286648
58.0,0.0,0.0,1600.0,0.0,-0.027014770507812508,0.04676158854328052,0.0003919765625000071,0.0,-0.0266227939453125,0.04676158854328052,-0.05344787597656251,0.10686950018148608,0.006176757812499994,0.021633091796306406,0.023730468750000004,0.02513058698036198,-3.510827551354949,2.30142738906506
58.5,0.0,0.0,1600.0,0.0,-0.023182373046875024,0.04649606948694229,0.0003919765625000071,0.0,-0.022790396484375017,0.04649606948694229,-0.04962341308593752,0.10842753695573333,0.008081054687499992,0.021534265470357687,0.021826171875000012,0.024948230547645982,-2.9688353638549354,2.5609903552165107
59.0,0.0,0.0,1600.0,0.0,-0.01934997558593753,0.04655457681651368,0.0003919765625000071,0.0,-0.018957999023437522,0.04655457681651368,-0.045798950195312535,0.11010047214507894,0.009985351562499988,0.021619161159358472,0.019921875000000012,0.02492411731928551,-2.4268431763549216,2.9659552756668583
59.5,0.0,0.0,1600.0,0.0,-0.015517578125000035,0.04693589881510086,0.0003919765625000071,0.0,-0.015125601562500028,0.04693589881510086,-0.041974487304687544,0.11188315180530002,0.011889648437499983,0.0218856409622118,0.018017578125000017,0.025058704117303713,-1.8848509888549074,3.465721471839747
60.0,-6.24999999999993,8.881784197001252e-16,1600.0,0.0,-0.0036926269531251214,0.044699669544734096,0.0003919765625000071,0.0,-0.0033006503906251143,0.044699669544734096,-0.03013000488281262,0.11261423882975076,0.01772460937499994,0.020045417239080335,0.01218261718750006,0.02360089882173531,-2.1004630135489384,3.5568978153519235
60.5,-14.374999999999945,0.0,1600.0,0.0,0.010530090332031153,0.04443555094736644,0.0003919765625000071,0.0,0.01092206689453116,0.04443555094736644,-0.015879516601562595,0.11414945549818067,0.024738769531249954,0.01903468103283355,0.005168457031250047,0.022957717295883945,-2.543356301901195,3.6004397216518123
61.0,-22.499999999999964,3.552713678800501e-15,1600.0,0.0,0.02475280761718743,0.04736979318665606,0.0003919765625000071,0.0,0.02514478417968744,0.04736979318665606,-0.0016290283203125766,0.11692333879100002,0.03175292968749996,0.019928608672619457,-0.0018457031249999659,0.023904835777588316,-2.986249590253452,3.7389752068161335
61.5,-30.624999999999975,0.0,1600.0,0.0,0.038975524902343704,0.05297355767795979,0.0003919765625000071,0.0,0.03936750146484371,0.05297355767795979,0.012621459960937456,0.12085062547507007,0.03876708984374998,0.02250132967410792,-0.008859863281249977,0.02627081261668546,-3.4291428786057088,3.9625535066000044
62.0,-49.99999999999996,7.105427357601002e-15,1598.8009375,0.0,0.04285644531249999,0.05367639797426333,0.0003919765625000071,0.0,0.043248421875,0.05367639797426333,0.016471557617187493,0.1214630086805882,0.040654296875,0.022730144093934066,-0.010747070312499997,0.02646013303828512,-4.060246394230725,3.8499098800639597
62.5,-70.3125,0.0,1597.501953125,0.0,0.04587554931640625,0.054105135196336245,0.0003919765625000071,0.0,0.04626752587890626,0.054105135196336245,0.0194549560546875,0.12185342881301517,0.0421142578125,0.022847375730741533,-0.01220703125,0.026538434065822642,-4.707034095461804,3.772624428458152
63.0,-90.62500000000001,1.4210854715202004e-14,1596.20296875,0.0,0.04889465332031251,0.05476845612534161,0.0003919765625000071,0.0,0.049286629882812516,0.05476845612534161,0.022438354492187507,0.12234974518668487,0.04357421875,0.023112146052801236,-0.013666992187500003,0.02674441839079606,-5.353821796692884,3.7688909889445514
63.5,-111.25000000000009,1.4210854715202004e-14,1594.7547851562501,2.2737367544323206e-13,0.05076232910156246,0.05474469969720279,0.0003919765625000071,0.0,0.05115430566406247,0.05474469969720279,0.024276733398437465,0.12208058019409247,0.04445556640624998,0.023021038379590283,-0.014548339843749982,0.02665612169975001,-5.924479166666675,3.8219066426555144
64.0,-135.62500000000003,0.0,1591.5162109374999,2.2737367544323206e-13,0.038812866210937484,0.04560022232869783,0.0003919765625000071,0.0,0.03920484277343749,0.04560022232869783,0.012374877929687491,0.11212370644489575,0.0383935546875,0.0179698373216792,-0.008486328124999994,0.02260882656273211,-5.581572561553049,3.7180758849235964
64.5,-159.99999999999997,0.0,1588.2776367187503,2.2737367544323206e-13,0.026863403320312507,0.04107581319630141,0.0003919765625000071,0.0,0.027255379882812514,0.04107581319630141,0.0004730224609375078,0.1037308110863724,0.03233154296875001,0.015819619057610534,-0.002424316406250005,0.021122682156458558,-5.238665956439422,3.642038265052018
65.0,-184.37499999999997,2.842170943040401e-14,1585.0390625,0.0,0.014913940429687534,0.042667418540020034,0.0003919765625000071,0.0,0.015305916992187545,0.042667418540020034,-0.011428833007812467,0.09730742482263526,0.026269531250000016,0.01766363748935842,0.003637695312499983,0.022706272545028137,-4.895759351325797,3.595557494927947
65.5,-211.56249999999983,2.842170943040401e-14,1581.3581640625,0.0,0.006163330078124992,0.047671544278603366,0.0003919765625000071,0.0,0.006555306640624997,0.047671544278603366,-0.02015197753906251,0.09470624100687215,0.021818847656249994,0.021135216398184924,0.008088378906250002,0.025615155143193503,-4.422100929669337,3.5759264191223106
66.0,-248.12499999999994,2.842170943040401e-14,1576.2028515625002,2.2737367544323206e-13,0.008075561523437497,0.047522489433702554,0.0003919765625000071,0.0,0.008467538085937504,0.047522489433702554,-0.018279418945312507,0.09795851926110372,0.0227392578125,0.020822286029201324,0.007167968750000002,0.025355278883031997,-3.512603119536757,3.5966324904406273
66.5,-284.6875,0.0,1571.0475390625,0.0,0.00998779296875,0.047723695025379764,0.0003919765625000071,0.0,0.010379769531250006,0.047723695025379764,-0.016406860351562497,0.10127215244465501,0.02365966796875,0.020714115176767297,0.00624755859375,0.025264221940394776,-2.6031053094041767,3.6829922119012317
67.0,-321.25000000000006,0.0,1565.8922265625001,2.2737367544323206e-13,0.011900024414062502,0.048270781313379446,0.0003919765625000071,0.0,0.012292000976562509,0.048270781313379446,-0.014534301757812496,0.10464131201627772,0.024580078125,0.020813896521834418,0.005327148437499998,0.025343804017184602,-1.6936074992715966,3.830567691592572
67.5,-360.93750000000006,5.684341886080802e-14,1559.2798828124999,0.0,0.017745971679687538,0.04717197588767337,0.0003919765625000071,0.0,0.018137948242187545,0.04717197588767337,-0.008706665039062464,0.10826283190741819,0.027465820312500014,0.020030053327644643,0.0024414062499999822,0.02451264277080565,-1.082769362798691,3.899565655503375
68.0,-405.6250000000002,0.0,1550.3362890624996,2.2737367544323206e-13,0.029885864257812554,0.04410926338972861,0.0003919765625000071,0.0,0.03027784082031256,0.04410926338972861,0.0034490966796875563,0.11265465612084218,0.033496093750000025,0.018190536402866827,-0.0035888671875000276,0.022499935891801836,-0.9497867041812597,3.785330621671943
68.5,-450.31250000000034,5.684341886080802e-14,1541.3926953124997,2.2737367544323206e-13,0.042025756835937574,0.04289204099624642,0.0003919765625000071,0.0,0.04241773339843758,0.04289204099624642,0.015604858398437574,0.11761420189930044,0.039526367187500036,0.017463293407331684,-0.00961914062500004,0.021354226709296934,-0.8168040455638284,3.6930466471413697
69.0,-495.0000000000004,5.684341886080802e-14,1532.4491015625,0.0,0.05416564941406259,0.043674884101333696,0.0003919765625000071,0.0,0.0545576259765626,0.043674884101333696,0.027760620117187596,0.12307285484917661,0.04555664062500004,0.01798377163800411,-0.015649414062500047,0.02121643950477329,-0.6838213869463974,3.624390868734485
69.5,-544.0625000000003,0.0,1521.8713085937502,2.2737367544323206e-13,0.06241333007812503,0.04474772250117974,0.0003919765625000071,0.0,0.06280530664062504,0.04474772250117974,0.03601562500000003,0.1233040351504793,0.04958740234375001,0.018346255383159017,-0.01968017578125001,0.021466640713060973,-0.9228515625000093,3.3206273819475953
70.0,-596.875,0.0,1509.8927734374997,2.2737367544323206e-13,0.0673248291015625,0.04596234508925454,0.0003919765625000071,0.0,0.0677168056640625,0.04596234508925454,0.040927124023437504,0.11906309258915519,0.05190429687499999,0.018530450350151866,-0.021997070312500002,0.021996067714387838,-1.48074988162879,2.8508673693520645
70.5,-649.6874999999999,1.1368683772161603e-13,1497.91423828125,2.2737367544323206e-13,0.07223632812499996,0.048516489672365264,0.0003919765625000071,0.0,0.07262830468749996,0.048516489672365264,0.04583862304687497,0.11523146401947362,0.05422119140624999,0.019593395850526493,-0.024313964843749987,0.023250126740920283,-2.038648200757571,2.4790781961222
71.0,-702.4999999999993,1.1368683772161603e-13,1485.9357031250001,0.0,0.07714782714843745,0.052213949104790006,0.0003919765625000071,0.0,0.07753980371093745,0.052213949104790006,0.05075012207031245,0.11185122231751933,0.056538085937499975,0.021404574252062273,-0.026630859374999975,0.025120526650976308,-2.5965465198863518,2.254266631145608
71.5,-763.7499999999992,0.0,1470.68376953125,2.2737367544323206e-13,0.0709988403320314,0.04922635919452211,0.0003919765625000071,0.0,0.0713908168945314,0.04922635919452211,0.04463134765625014,0.10659915542540836,0.05333984375000007,0.0202632365352333,-0.023432617187500067,0.023881164054646097,-2.818580751930353,2.1929689173874896
72.0,-828.7499999999992,1.1368683772161603e-13,1453.9769921875,2.2737367544323206e-13,0.05993408203125011,0.0448769200825407,0.0003919765625000071,0.0,0.06032605859375012,0.0448769200825407,0.033610229492187615,0.10120212644483717,0.047690429687500056,0.018938399164488886,-0.017783203125000056,0.022184170755256756,-2.89134205638111,2.239624882376703
72.5,-893.7499999999993,1.1368683772161603e-13,1437.2702148437502,0.0,0.04886932373046884,0.043346745111094355,0.0003919765625000071,0.0,0.049261300292968845,0.043346745111094355,0.02258911132812509,0.09692781896566552,0.042041015625000046,0.019419541382172133,-0.01213378906250005,0.022008095877234367,-2.9641033608318668,2.3850927562372064
73.0,-958.7499999999998,2.2737367544323206e-13,1420.5634375000004,2.2737367544323206e-13,0.03780456542968757,0.044924842864971996,0.0003919765625000071,0.0,0.038196541992187576,0.044924842864971996,0.011567993164062575,0.09392962799278204,0.03639160156250004,0.021586237018618174,-0.006484375000000039,0.023387316065217365,-3.036864665282623,2.612921008930553
73.5,-1027.1874999999998,2.2737367544323206e-13,1400.13427734375,0.0,0.03286621093750002,0.0458060445465756,0.0003919765625000071,0.0,0.03325818750000003,0.0458060445465756,0.006596069335937521,0.0957223784620344,0.033884277343750005,0.022308431468140252,-0.003977050781250009,0.023903389429222432,-2.459147704509027,2.403875805206145
74.0,-1096.2499999999998,0.0,1379.0283203125,0.0,0.029041748046875013,0.046558333840978135,0.0003919765625000071,0.0,0.02943372460937502,0.046558333840978135,0.002723999023437511,0.09832742290035514,0.0319482421875,0.022775685639429832,-0.0020410156250000072,0.02426080608478508,-1.7631619682400874,2.2112023207345968
74.5,-1165.3124999999998,0.0,1357.92236328125,0.0,0.02521728515625001,0.04763070112682247,0.0003919765625000071,0.0,0.025609261718750016,0.04763070112682247,-0.0011480712890624982,0.10101792387289989,0.030012207031250005,0.023399397204655604,-0.0001049804687500034,0.024769650562325683,-1.0671762319711482,2.157972575262636
75.0,-1234.375,0.0,1336.81640625,0.0,0.021392822265625,0.04900213705908163,0.0003919765625000071,0.0,0.021784798828125007,0.04900213705908163,-0.0050201416015625,0.1037872356628024,0.028076171875,0.024167455682261068,0.0018310546875,0.025420831172359243,-0.37119049570220886,2.254087106556944
75.5,-1315.6250000000002,0.0,1311.16578125,0.0,0.03487365722656252,0.04383541335144529,0.0003919765625000071,0.0,0.03526563378906253,0.04383541335144529,-0.002896652221679684,0.10520438361332048,0.03470947265625002,0.020707851662077423,-0.004802246093750011,0.022531790923928097,-0.17761657288024033,2.084372062837803
76.0,-1396.8750000000002,0.0,1285.5151562499998,2.2737367544323206e-13,0.04835449218750004,0.04047428166940152,0.0003919765625000071,0.0,0.04874646875000005,0.04047428166940152,-0.0007731628417968648,0.10806974111806218,0.04134277343750002,0.017977398325335906,-0.011435546875000023,0.020463799030733844,0.015957349941728233,2.0144144836388547
76.5,-1478.1250000000002,2.2737367544323206e-13,1259.8645312499996,2.2737367544323206e-13,0.06183532714843756,0.03938377172444219,0.0003919765625000071,0.0,0.06222730371093757,0.03938377172444219,0.001350326538085948,0.11227248161559872,0.04797607421875003,0.016345675404265663,-0.018068847656250036,0.019480119688686615,0.20953127276369676,2.0544306098313663
77.0,-1560.3125000000002,2.2737367544323206e-13,1233.4400390624999,0.0,0.07389892578125001,0.04048691470779264,0.0003919765625000071,0.0,0.07429090234375002,0.04048691470779264,0.003543090820312511,0.11607907948112445,0.05390625000000001,0.016092742592104744,-0.023999023437500017,0.01964907756999044,0.2982669999271531,2.1142131714633616
77.5,-1647.65625,0.0,1202.75927734375,0.0,0.078167724609375,0.04148975759454146,0.0003919765625000071,0.0,0.07855970117187501,0.04148975759454146,0.006116867065429691,0.11170291649777113,0.05596923828125,0.016386724387930627,-0.02606201171875,0.02000031456103909,-0.18960734903117893,1.8848692429841127
78.0,-1734.9999999999998,2.2737367544323206e-13,1172.0785156250001,0.0,0.08243652343749998,0.0430179755098345,0.0003919765625000071,0.0,0.08282849999999999,0.0430179755098345,0.008690643310546859,0.10751344888087601,0.05803222656249999,0.017024113971212177,-0.028124999999999994,0.02063216576218032,-0.677481697989511,1.9355536483075786
78.5,-1822.3437499999995,4.547473508864641e-13,1141.3977539062505,2.2737367544323206e-13,0.08670532226562495,0.04501809589141689,0.0003919765625000071,0.0,0.08709729882812496,0.04501809589141689,0.011264419555664033,0.10353334294633457,0.06009521484374997,0.017968403522634,-0.030187988281249977,0.021519927830832113,-1.165356046947843,2.2473995909443856
79.0,-1910.3124999999984,2.2737367544323206e-13,1109.5313867187506,0.0,0.08620849609375016,0.04568259477440503,0.0003919765625000071,0.0,0.08660047265625016,0.04568259477440503,0.009616088867187662,0.10025498553486031,0.059755859375000074,0.018442141708321064,-0.029848632812500085,0.02184458716538743,-1.521895259688233,2.572072600033013
79.5,-1999.6874999999986,2.2737367544323206e-13,1074.997407226563,0.0,0.07498901367187515,0.04379203124451103,0.0003919765625000071,0.0,0.07538099023437515,0.04379203124451103,-0.0015319824218748522,0.09868862666827152,0.05401123046875008,0.018146115696838296,-0.02410400390625008,0.021123465482291305,-1.5829304159382327,2.617026385824654
80.0,-2089.0624999999995,4.547473508864641e-13,1040.4634277343755,2.2737367544323206e-13,0.06376953125000012,0.04396468011257064,0.0003919765625000071,0.0,0.06416150781250013,0.04396468011257064,-0.012680053710937372,0.09802963054845155,0.04826660156250007,0.019080351303633156,-0.018359375000000063,0.02146683410358089,-1.643965572188232,2.717408869025094
80.5,-2178.4374999999995,4.547473508864641e-13,1005.9294482421881,2.2737367544323206e-13,0.052550048828125105,0.04617740525369306,0.0003919765625000071,0.0,0.05294202539062511,0.04617740525369306,-0.023828124999999895,0.09829624824978998,0.04252197265625005,0.021081922676806263,-0.012614746093750056,0.022826705977287733,-1.7050007284382316,2.867404581132902
81.0,-2268.7499999999995,4.547473508864641e-13,969.8829003906251,2.2737367544323206e-13,0.04502014160156253,0.04734533882858604,0.0003919765625000071,0.0,0.045412118164062536,0.04734533882858604,-0.031314086914062476,0.09949615379061506,0.03862304687500001,0.0223432100670941,-0.008715820312500011,0.02363141974766786,-1.4261340872669086,2.7668526959682676
81.5,-2360.1562499999995,0.0,932.0716894531253,0.0,0.04179473876953126,0.04625344169282088,0.0003919765625000071,0.0,0.04218671533203127,0.04625344169282088,-0.034527587890624975,0.10123336978459797,0.03687744140625002,0.022315926334155925,-0.006970214843750013,0.023303837283997722,-0.7507153491040279,2.374720545449123
82.0,-2451.5624999999995,0.0,894.2604785156253,1.1368683772161603e-13,0.03856933593750002,0.04602450027753992,0.0003919765625000071,0.0,0.038961312500000025,0.04602450027753992,-0.03774108886718748,0.10333184845059226,0.03513183593750001,0.02273920643648909,-0.005224609375000008,0.023409038301225284,-0.07529661094114759,2.062132053054715
82.5,-2542.9687499999995,0.0,856.4492675781249,1.1368683772161603e-13,0.03534393310546876,0.04667121576402193,0.0003919765625000071,0.0,0.03573590966796877,0.04667121576402193,-0.04095458984374999,0.10577008961865716,0.03338623046875001,0.023588807933672146,-0.0034790039062500048,0.023941318371761326,0.6001221272217326,1.8694241484904628
83.0,-2628.125,0.0,817.5827441406252,1.1368683772161603e-13,0.04080993652343749,0.0434790728230744,0.0003919765625000071,0.0,0.0412019130859375,0.0434790728230744,-0.03550109863281251,0.10674247597865721,0.03603515624999999,0.02167440814097859,-0.006127929687499995,0.022222524051470863,1.4474750509906749,1.7615648283263372
83.5,-2709.375,0.0,778.0566503906249,1.1368683772161603e-13,0.051708068847656254,0.03914781549952489,0.0003919765625000071,0.0,0.05210004541015626,0.03914781549952489,-0.02463073730468749,0.1075109526670644,0.041430664062500004,0.018501140224269512,-0.011523437500000002,0.019674159783111114,2.4022868407634066,1.8700179918277318
84.0,-2790.625,0.0,738.5305566406249,0.0,0.06260620117187501,0.03742161710885208,0.0003919765625000071,0.0,0.06299817773437502,0.03742161710885208,-0.013760375976562472,0.10931164433643065,0.04682617187500001,0.01651134436214276,-0.016918945312500013,0.01838816556471548,3.3570986305361377,2.2174821594659564
84.5,-2871.8750000000005,0.0,699.0044628906248,0.0,0.07350433349609378,0.03865110191862935,0.0003919765625000071,0.0,0.07389631005859379,0.03865110191862935,-0.0028900146484374615,0.11209481750071171,0.052221679687500015,0.016148587473932798,-0.022314453125000026,0.01862784969367654,4.311910420308869,2.713648864125116
85.0,-2945.3125,0.0,659.873681640625,0.0,0.07907104492187499,0.041016423807993974,0.0003919765625000071,0.0,0.079463021484375,0.041016423807993974,0.002682495117187498,0.11373736041284811,0.05493164062500001,0.016861405724945957,-0.0250244140625,0.01954258399171361,4.500553157779732,2.7304417187986894
85.5,-3016.4062499999995,0.0,620.8614941406253,0.0,0.08303833007812496,0.04367308495539511,0.0003919765625000071,0.0,0.08343030664062497,0.04367308495539511,0.006665649414062479,0.11506387174114742,0.05683593749999999,0.017899945758758702,-0.02692871093749999,0.020654275519898825,4.459345179560041,2.6275920841964235
86.0,-3087.4999999999995,4.547473508864641e-13,581.8493066406254,0.0,0.08700561523437496,0.04678211468156755,0.0003919765625000071,0.0,0.08739759179687497,0.04678211468156755,0.010648803710937455,0.11660735122490416,0.05874023437499998,0.019255878591252187,-0.02883300781249998,0.02203554747311443,4.4181372013403495,2.5767830800298728
86.5,-3158.593749999999,4.547473508864641e-13,542.8371191406258,1.1368683772161603e-13,0.09097290039062494,0.05025963326240567,0.0003919765625000071,0.0,0.09136487695312495,0.05025963326240567,0.014631958007812428,0.1183593109668898,0.06064453124999997,0.020867424601154354,-0.03073730468749997,0.023639191074085946,4.3769292231206585,2.581089812762418
87.0,-3214.6874999999995,4.547473508864641e-13,505.6764355468757,1.1368683772161603e-13,0.07812011718750021,0.04375976358186829,0.0003919765625000071,0.0,0.07851209375000022,0.04375976358186829,0.001740112304687732,0.11145755875528524,0.05408203125000011,0.017358205458886916,-0.024174804687500117,0.020587247918999733,3.779729385198174,2.523650032064294
87.5,-3269.5312499999995,4.547473508864641e-13,468.670043945313,0.0,0.06386566162109396,0.038895152415399134,0.0003919765625000071,0.0,0.06425763818359397,0.038895152415399134,-0.012557983398437295,0.10467736489605949,0.04681396484375011,0.014983229600330194,-0.016906738281250104,0.01858507980028848,3.1361968923004446,2.666376783672004
88.0,-3324.3749999999995,4.547473508864641e-13,431.66365234375047,0.0,0.049611206054687676,0.03758955093308588,0.0003919765625000071,0.0,0.05000318261718768,0.03758955093308588,-0.026856079101562326,0.09896014260742032,0.039545898437500095,0.015006940348680164,-0.009638671875000091,0.018560625591751406,2.4926643994027162,2.9943887979120207
88.5,-3377.1093749999995,0.0,394.98852050781284,0.0,0.03597229003906257,0.039870122535569354,0.0003919765625000071,0.0,0.03636426660156258,0.039870122535569354,-0.04053222656249993,0.09480310021428515,0.03259033203125004,0.01717023762887871,-0.0026831054687500356,0.020315506785937364,1.911376384032658,3.4237368996065745
89.0,-3404.5312499999995,0.0,362.2885058593752,5.684341886080802e-14,0.029719848632812556,0.04061130908746748,0.0003919765625000071,0.0,0.030111825195312563,0.04061130908746748,-0.046744995117187445,0.09520442923491884,0.02938476562500003,0.017590043160199617,0.0005224609374999713,0.020705805191158264,2.077022098994761,3.5514017552658683
89.5,-3431.953125,0.0,329.5884912109377,0.0,0.02346740722656255,0.042493075493015016,0.0003919765625000071,0.0,0.023859383789062556,0.042493075493015016,-0.05295776367187495,0.0961074863555876,0.026179199218750022,0.018643051149452906,0.003728027343749977,0.02164028883579965,2.2426678139568637,3.7314466505079915
90.0,-3459.375,0.0,296.8884765625002,5.684341886080802e-14,0.017214965820312535,0.04537373456277406,0.0003919765625000071,0.0,0.01760694238281254,0.04537373456277406,-0.05917053222656246,0.09749833113016938,0.022973632812500016,0.02023062711787398,0.006933593749999981,0.023052874285376702,2.4083135289189666,3.9567276116221484
90.5,-3479.296875,0.0,265.534012451172,0.0,0.013570861816406229,0.046993253541010124,0.0003919765625000071,0.0,0.013962838378906236,0.046993253541010124,-0.06277221679687503,0.09807213223137376,0.02108642578124999,0.02117977867543048,0.00882080078125001,0.023782322497251325,2.657982886254325,4.123036633891026
91.0,-3474.21875,0.0,238.6647167968751,2.842170943040401e-14,0.01862121582031249,0.043303833102441985,0.0003919765625000071,0.0,0.0190131923828125,0.043303833102441985,-0.05767028808593751,0.09524630544402947,0.023593749999999997,0.019514475218206415,0.006313476562500005,0.021698541364560626,3.18773105150054,4.035704972965394
91.5,-3469.140625,0.0,211.79542114257814,0.0,0.023671569824218745,0.04221250544343928,0.0003919765625000071,0.0,0.024063546386718752,0.04221250544343928,-0.052568359375000005,0.09364121355221575,0.02610107421875,0.019321969429783616,0.003806152343750002,0.020888910278843126,3.717479216746755,4.043786420642664
92.0,-3464.0625,0.0,184.92612548828126,2.842170943040401e-14,0.028721923828125002,0.043913401618576334,0.0003919765625000071,0.0,0.02911390039062501,0.043913401618576334,-0.04746643066406249,0.09331986736376668,0.0286083984375,0.020643505117850514,0.0012988281249999975,0.02149787173715796,4.247227381992971,4.146723169597483
92.5,-3443.9453125,0.0,160.6961975097656,2.842170943040401e-14,0.03226776123046875,0.04619837054663923,0.0003919765625000071,0.0,0.032659737792968754,0.04619837054663923,-0.038929748535156204,0.09325941281438772,0.03033447265625,0.02194453156094488,-0.0004272460937500011,0.022435816109251383,4.48026501493295,4.141554349407655
93.0,-3399.765625,0.0,140.6892578124999,0.0,0.03340637207031251,0.04632761164938859,0.0003919765625000071,0.0,0.03379834863281252,0.04632761164938859,-0.024897460937499935,0.09203626143018329,0.030810546875,0.02164591920729765,-0.0009033203125000024,0.022285271258981006,4.2385657961829555,3.8639331386114466
93.5,-3355.5859374999995,0.0,120.68231811523425,0.0,0.03454498291015626,0.046780519173619375,0.0003919765625000071,0.0,0.034936959472656265,0.046780519173619375,-0.010865173339843664,0.09096128795720987,0.03128662109375,0.02152317926213866,-0.0013793945312500031,0.022307372324106945,3.9968665774329617,3.6136587375707294
94.0,-3311.4062499999995,0.0,100.6753784179686,0.0,0.035683593750000006,0.04754784495868342,0.0003919765625000071,0.0,0.03607557031250001,0.04754784495868342,0.003167114257812612,0.09003979978238852,0.031762695312500006,0.021579312943029505,-0.0018554687500000038,0.02250161059231199,3.755167358682968,3.3967812624574725
94.5,-3242.8906249999995,0.0,84.36421356201164,0.0,0.03636505126953125,0.04908930341623247,0.0003919765625000071,0.0,0.036757027832031254,0.04908930341623247,0.009820861816406252,0.08945008176880528,0.032033691406249995,0.022115122853359846,-0.0021264648437499998,0.023211467925603878,3.233776314830992,3.1132422526994357
95.0,-3153.515625,0.0,71.22085571289062,0.0,0.036654663085937504,0.05130538259142534,0.0003919765625000071,0.0,0.03704663964843751,0.05130538259142534,0.010150146484375002,0.08919602452909689,0.032128906250000006,0.023074169483716662,-0.0022216796874999995,0.024362041745835217,2.472649420891615,2.9779714585970023
95.5,-3064.1406250000005,0.0,58.077497863769615,7.105427357601002e-15,0.03694427490234375,0.05375470419382888,0.0003919765625000071,0.0,0.037336251464843755,0.05375470419382888,0.010479431152343746,0.08913813813154488,0.03222412109375,0.02417754858660359,-0.002316894531249999,0.02563286625682957,1.711522526952237,3.1656404357336343
96.0,-2974.7656250000005,4.547473508864641e-13,44.93414001464859,0.0,0.03723388671875,0.05640689257733909,0.0003919765625000071,0.0,0.037625863281250005,0.05640689257733909,0.010808715820312497,0.08927680416398942,0.03231933593749999,0.025406462439743295,-0.0024121093749999998,0.02700697144822831,0.9503956330128587,3.6264546604629553
96.5,-2850.410156250002,0.0,35.951543579101646,0.0,0.03327453613281257,0.0552020858953791,0.0003919765625000071,0.0,0.033666512695312574,0.0552020858953791,0.006856079101562571,0.08966710288806096,0.030283203125000033,0.02505950141148926,-0.0003759765625000358,0.026319676070814327,0.6843961702360504,3.6727198951077344
97.0,-2710.5078125000014,0.0,28.818174438476635,0.0,0.027426757812500063,0.052545285561871276,0.0003919765625000071,0.0,0.02781873437500007,0.052545285561871276,0.0010003662109375642,0.09037542010632754,0.02729980468750003,0.024200049779383642,0.002607421874999969,0.0248530589962964,0.6384533435315092,3.5444586953464197
97.5,-2570.6054687500014,0.0,21.684805297851625,0.0,0.021578979492187553,0.050313088087086455,0.0003919765625000071,0.0,0.02197095605468756,0.050313088087086455,-0.004855346679687447,0.09138801868710182,0.024316406250000026,0.023626052267870744,0.005590820312499974,0.023611604616829464,0.592510516826968,3.5057051841775992
98.0,-2430.7031250000005,4.547473508864641e-13,14.551436157226615,3.552713678800501e-15,0.01573120117187504,0.04856407809731165,0.0003919765625000071,0.0,0.016123177734375046,0.04856407809731165,-0.010711059570312462,0.09269492726581513,0.02133300781250002,0.02335856203431569,0.00857421874999998,0.02263239584747658,0.546567690122427,3.559384162180126
98.5,-2248.8525390625005,4.547473508864641e-13,11.040665817260757,0.0,0.016066894531249994,0.04725975696929236,0.0003919765625000071,0.0,0.01645887109375,0.04725975696929236,-0.01034973144531251,0.09390706418798397,0.021437988281249997,0.022647490682611595,0.008469238281250003,0.02186320163807049,1.0225223994755521,3.069537590158056
99.0,-2059.3750000000005,4.547473508864641e-13,8.18854980468751,0.0,0.017526855468749998,0.0461503856371083,0.0003919765625000071,0.0,0.017918832031250005,0.0461503856371083,-0.008858032226562505,0.09516234337467673,0.0221044921875,0.02189866393642824,0.007802734375000004,0.021184976613164857,1.5933675699300769,2.6712328788014448
99.5,-1869.8974609375002,2.2737367544323206e-13,5.3364337921142635,0.0,0.01898681640625,0.04523675306193156,0.0003919765625000071,0.0,0.019378792968750006,0.04523675306193156,-0.007366333007812504,0.09651187229804328,0.022770996093749996,0.02124043740361838,0.007136230468750001,0.02060507057130647,2.1642127403846008,2.5841770518708773
100.0,-1680.419921875,0.0,2.4843177795410156,0.0,0.02044677734375,0.04453090868367346,0.0003919765625000071,0.0,0.020838753906250007,0.04453090868367346,-0.0058746337890625,0.09795175546230879,0.0234375,0.020681463461472042,0.0064697265625,0.020131981604190444,2.7350579108391253,2.837167398175854
